.1000        -1.000        0.37546E-05     0.0000    
.1000       -0.9500        0.36743E-05   -0.35895E-01
.1000       -0.9000        0.35959E-05   -0.50957E-01
.1000       -0.8500        0.35195E-05   -0.62618E-01
.1000       -0.8000        0.34450E-05   -0.72512E-01
.1000       -0.7500        0.33726E-05   -0.81259E-01
.1000       -0.7000        0.33021E-05   -0.89172E-01
.1000       -0.6500        0.32336E-05   -0.96427E-01
.1000       -0.6000        0.31671E-05   -0.10313    
.1000       -0.5500        0.31026E-05   -0.10937    
.1000       -0.5000        0.30400E-05   -0.11517    
.1000       -0.4500        0.29794E-05   -0.12057    
.1000       -0.4000        0.29208E-05   -0.12559    
.1000       -0.3500        0.28642E-05   -0.13025    
.1000       -0.3000        0.28095E-05   -0.13453    
.1000       -0.2500        0.27568E-05   -0.13846    
.1000       -0.2000        0.27061E-05   -0.14200    
.1000       -0.1500        0.26574E-05   -0.14517    
.1000       -0.1000        0.26106E-05   -0.14795    
.1000       -0.5000E-01    0.25658E-05   -0.15031    
.1000         0.000        0.25230E-05   -0.15226    
.1000        0.5000E-01    0.24822E-05   -0.15376    
.1000        0.1000        0.24433E-05   -0.15480    
.1000        0.1500        0.24065E-05   -0.15535    
.1000        0.2000        0.23716E-05   -0.15538    
.1000        0.2500        0.23386E-05   -0.15488    
.1000        0.3000        0.23077E-05   -0.15381    
.1000        0.3500        0.22787E-05   -0.15213    
.1000        0.4000        0.22517E-05   -0.14981    
.1000        0.4500        0.22267E-05   -0.14680    
.1000        0.5000        0.22037E-05   -0.14306    
.1000        0.5500        0.21826E-05   -0.13852    
.1000        0.6000        0.21635E-05   -0.13312    
.1000        0.6500        0.21464E-05   -0.12675    
.1000        0.7000        0.21313E-05   -0.11928    
.1000        0.7500        0.21181E-05   -0.11054    
.1000        0.8000        0.21069E-05   -0.10023    
.1000        0.8500        0.20977E-05   -0.87878E-01
.1000        0.9000        0.20905E-05   -0.72547E-01
.1000        0.9500        0.20853E-05   -0.51799E-01
.1000         1.000        0.20820E-05     0.0000    
10.00        -1.000        0.37229E-03     0.0000    
10.00       -0.9500        0.36445E-03   -0.35593E-01
10.00       -0.9000        0.35679E-03   -0.50514E-01
10.00       -0.8500        0.34933E-03   -0.62058E-01
10.00       -0.8000        0.34206E-03   -0.71843E-01
10.00       -0.7500        0.33498E-03   -0.80488E-01
10.00       -0.7000        0.32810E-03   -0.88301E-01
10.00       -0.6500        0.32140E-03   -0.95458E-01
10.00       -0.6000        0.31490E-03   -0.10207    
10.00       -0.5500        0.30859E-03   -0.10821    
10.00       -0.5000        0.30248E-03   -0.11392    
10.00       -0.4500        0.29655E-03   -0.11923    
10.00       -0.4000        0.29082E-03   -0.12416    
10.00       -0.3500        0.28527E-03   -0.12873    
10.00       -0.3000        0.27993E-03   -0.13293    
10.00       -0.2500        0.27477E-03   -0.13677    
10.00       -0.2000        0.26980E-03   -0.14024    
10.00       -0.1500        0.26503E-03   -0.14334    
10.00       -0.1000        0.26045E-03   -0.14604    
10.00       -0.5000E-01    0.25606E-03   -0.14835    
10.00         0.000        0.25186E-03   -0.15023    
10.00        0.5000E-01    0.24785E-03   -0.15168    
10.00        0.1000        0.24404E-03   -0.15268    
10.00        0.1500        0.24042E-03   -0.15319    
10.00        0.2000        0.23699E-03   -0.15321    
10.00        0.2500        0.23375E-03   -0.15269    
10.00        0.3000        0.23071E-03   -0.15161    
10.00        0.3500        0.22786E-03   -0.14994    
10.00        0.4000        0.22519E-03   -0.14765    
10.00        0.4500        0.22272E-03   -0.14467    
10.00        0.5000        0.22045E-03   -0.14098    
10.00        0.5500        0.21836E-03   -0.13651    
10.00        0.6000        0.21647E-03   -0.13119    
10.00        0.6500        0.21477E-03   -0.12491    
10.00        0.7000        0.21326E-03   -0.11756    
10.00        0.7500        0.21194E-03   -0.10896    
10.00        0.8000        0.21082E-03   -0.98807E-01
10.00        0.8500        0.20988E-03   -0.86646E-01
10.00        0.9000        0.20914E-03   -0.71544E-01
10.00        0.9500        0.20859E-03   -0.51093E-01
10.00         1.000        0.20824E-03     0.0000    
20.00        -1.000        0.72545E-03     0.0000    
20.00       -0.9500        0.71090E-03   -0.34627E-01
20.00       -0.9000        0.69670E-03   -0.49103E-01
20.00       -0.8500        0.68285E-03   -0.60273E-01
20.00       -0.8000        0.66935E-03   -0.69718E-01
20.00       -0.7500        0.65620E-03   -0.78041E-01
20.00       -0.7000        0.64340E-03   -0.85543E-01
20.00       -0.6500        0.63095E-03   -0.92399E-01
20.00       -0.6000        0.61886E-03   -0.98715E-01
20.00       -0.5500        0.60711E-03   -0.10456    
20.00       -0.5000        0.59571E-03   -0.10999    
20.00       -0.4500        0.58466E-03   -0.11502    
20.00       -0.4000        0.57397E-03   -0.11968    
20.00       -0.3500        0.56362E-03   -0.12398    
20.00       -0.3000        0.55362E-03   -0.12793    
20.00       -0.2500        0.54398E-03   -0.13152    
20.00       -0.2000        0.53468E-03   -0.13475    
20.00       -0.1500        0.52574E-03   -0.13762    
20.00       -0.1000        0.51715E-03   -0.14012    
20.00       -0.5000E-01    0.50890E-03   -0.14224    
20.00         0.000        0.50101E-03   -0.14395    
20.00        0.5000E-01    0.49347E-03   -0.14526    
20.00        0.1000        0.48628E-03   -0.14613    
20.00        0.1500        0.47943E-03   -0.14654    
20.00        0.2000        0.47294E-03   -0.14649    
20.00        0.2500        0.46680E-03   -0.14593    
20.00        0.3000        0.46101E-03   -0.14485    
20.00        0.3500        0.45557E-03   -0.14321    
20.00        0.4000        0.45048E-03   -0.14098    
20.00        0.4500        0.44574E-03   -0.13812    
20.00        0.5000        0.44135E-03   -0.13458    
20.00        0.5500        0.43732E-03   -0.13031    
20.00        0.6000        0.43363E-03   -0.12524    
20.00        0.6500        0.43029E-03   -0.11926    
20.00        0.7000        0.42730E-03   -0.11227    
20.00        0.7500        0.42467E-03   -0.10408    
20.00        0.8000        0.42238E-03   -0.94419E-01
20.00        0.8500        0.42045E-03   -0.82836E-01
20.00        0.9000        0.41886E-03   -0.68435E-01
20.00        0.9500        0.41763E-03   -0.48904E-01
20.00         1.000        0.41674E-03     0.0000    
30.00        -1.000        0.10395E-02     0.0000    
30.00       -0.9500        0.10205E-02   -0.32785E-01
30.00       -0.9000        0.10020E-02   -0.46420E-01
30.00       -0.8500        0.98397E-03   -0.56894E-01
30.00       -0.8000        0.96634E-03   -0.65711E-01
30.00       -0.7500        0.94915E-03   -0.73444E-01
30.00       -0.7000        0.93241E-03   -0.80383E-01
30.00       -0.6500        0.91610E-03   -0.86694E-01
30.00       -0.6000        0.90024E-03   -0.92482E-01
30.00       -0.5500        0.88482E-03   -0.97814E-01
30.00       -0.5000        0.86985E-03   -0.10274    
30.00       -0.4500        0.85531E-03   -0.10728    
30.00       -0.4000        0.84122E-03   -0.11147    
30.00       -0.3500        0.82756E-03   -0.11531    
30.00       -0.3000        0.81436E-03   -0.11881    
30.00       -0.2500        0.80159E-03   -0.12198    
30.00       -0.2000        0.78926E-03   -0.12482    
30.00       -0.1500        0.77738E-03   -0.12732    
30.00       -0.1000        0.76593E-03   -0.12947    
30.00       -0.5000E-01    0.75493E-03   -0.13127    
30.00         0.000        0.74438E-03   -0.13271    
30.00        0.5000E-01    0.73426E-03   -0.13377    
30.00        0.1000        0.72458E-03   -0.13444    
30.00        0.1500        0.71535E-03   -0.13471    
30.00        0.2000        0.70656E-03   -0.13455    
30.00        0.2500        0.69821E-03   -0.13394    
30.00        0.3000        0.69030E-03   -0.13286    
30.00        0.3500        0.68284E-03   -0.13129    
30.00        0.4000        0.67581E-03   -0.12919    
30.00        0.4500        0.66923E-03   -0.12653    
30.00        0.5000        0.66309E-03   -0.12327    
30.00        0.5500        0.65740E-03   -0.11935    
30.00        0.6000        0.65214E-03   -0.11470    
30.00        0.6500        0.64733E-03   -0.10925    
30.00        0.7000        0.64295E-03   -0.10288    
30.00        0.7500        0.63902E-03   -0.95414E-01
30.00        0.8000        0.63553E-03   -0.86611E-01
30.00        0.8500        0.63249E-03   -0.76041E-01
30.00        0.9000        0.62988E-03   -0.62877E-01
30.00        0.9500        0.62772E-03   -0.44978E-01
30.00         1.000        0.62600E-03     0.0000    
40.00        -1.000        0.12912E-02     0.0000    
40.00       -0.9500        0.12715E-02   -0.29522E-01
40.00       -0.9000        0.12521E-02   -0.41702E-01
40.00       -0.8500        0.12332E-02   -0.50989E-01
40.00       -0.8000        0.12147E-02   -0.58750E-01
40.00       -0.7500        0.11966E-02   -0.65509E-01
40.00       -0.7000        0.11790E-02   -0.71529E-01
40.00       -0.6500        0.11618E-02   -0.76964E-01
40.00       -0.6000        0.11451E-02   -0.81911E-01
40.00       -0.5500        0.11288E-02   -0.86434E-01
40.00       -0.5000        0.11129E-02   -0.90577E-01
40.00       -0.4500        0.10974E-02   -0.94371E-01
40.00       -0.4000        0.10824E-02   -0.97839E-01
40.00       -0.3500        0.10678E-02   -0.10099    
40.00       -0.3000        0.10536E-02   -0.10384    
40.00       -0.2500        0.10399E-02   -0.10640    
40.00       -0.2000        0.10266E-02   -0.10866    
40.00       -0.1500        0.10138E-02   -0.11062    
40.00       -0.1000        0.10013E-02   -0.11228    
40.00       -0.5000E-01    0.98934E-03   -0.11365    
40.00         0.000        0.97777E-03   -0.11470    
40.00        0.5000E-01    0.96664E-03   -0.11544    
40.00        0.1000        0.95595E-03   -0.11585    
40.00        0.1500        0.94568E-03   -0.11592    
40.00        0.2000        0.93585E-03   -0.11564    
40.00        0.2500        0.92645E-03   -0.11499    
40.00        0.3000        0.91748E-03   -0.11396    
40.00        0.3500        0.90895E-03   -0.11252    
40.00        0.4000        0.90085E-03   -0.11065    
40.00        0.4500        0.89318E-03   -0.10832    
40.00        0.5000        0.88594E-03   -0.10548    
40.00        0.5500        0.87914E-03   -0.10211    
40.00        0.6000        0.87276E-03   -0.98135E-01
40.00        0.6500        0.86683E-03   -0.93487E-01
40.00        0.7000        0.86132E-03   -0.88063E-01
40.00        0.7500        0.85625E-03   -0.81720E-01
40.00        0.8000        0.85161E-03   -0.74234E-01
40.00        0.8500        0.84740E-03   -0.65235E-01
40.00        0.9000        0.84362E-03   -0.54002E-01
40.00        0.9500        0.84028E-03   -0.38680E-01
40.00         1.000        0.83737E-03     0.0000    
50.00        -1.000        0.14397E-02     0.0000    
50.00       -0.9500        0.14247E-02   -0.22959E-01
50.00       -0.9000        0.14100E-02   -0.32302E-01
50.00       -0.8500        0.13955E-02   -0.39341E-01
50.00       -0.8000        0.13814E-02   -0.45152E-01
50.00       -0.7500        0.13675E-02   -0.50151E-01
50.00       -0.7000        0.13538E-02   -0.54550E-01
50.00       -0.6500        0.13405E-02   -0.58474E-01
50.00       -0.6000        0.13274E-02   -0.62000E-01
50.00       -0.5500        0.13146E-02   -0.65184E-01
50.00       -0.5000        0.13021E-02   -0.68063E-01
50.00       -0.4500        0.12899E-02   -0.70664E-01
50.00       -0.4000        0.12780E-02   -0.73007E-01
50.00       -0.3500        0.12663E-02   -0.75108E-01
50.00       -0.3000        0.12549E-02   -0.76976E-01
50.00       -0.2500        0.12438E-02   -0.78618E-01
50.00       -0.2000        0.12330E-02   -0.80041E-01
50.00       -0.1500        0.12224E-02   -0.81247E-01
50.00       -0.1000        0.12121E-02   -0.82237E-01
50.00       -0.5000E-01    0.12021E-02   -0.83011E-01
50.00         0.000        0.11924E-02   -0.83566E-01
50.00        0.5000E-01    0.11830E-02   -0.83900E-01
50.00        0.1000        0.11738E-02   -0.84008E-01
50.00        0.1500        0.11649E-02   -0.83884E-01
50.00        0.2000        0.11563E-02   -0.83520E-01
50.00        0.2500        0.11480E-02   -0.82906E-01
50.00        0.3000        0.11400E-02   -0.82032E-01
50.00        0.3500        0.11322E-02   -0.80884E-01
50.00        0.4000        0.11247E-02   -0.79444E-01
50.00        0.4500        0.11175E-02   -0.77692E-01
50.00        0.5000        0.11106E-02   -0.75603E-01
50.00        0.5500        0.11040E-02   -0.73144E-01
50.00        0.6000        0.10976E-02   -0.70275E-01
50.00        0.6500        0.10915E-02   -0.66940E-01
50.00        0.7000        0.10857E-02   -0.63066E-01
50.00        0.7500        0.10802E-02   -0.58546E-01
50.00        0.8000        0.10749E-02   -0.53217E-01
50.00        0.8500        0.10699E-02   -0.46808E-01
50.00        0.9000        0.10653E-02   -0.38792E-01
50.00        0.9500        0.10608E-02   -0.27825E-01
50.00         1.000        0.10567E-02     0.0000    
60.00        -1.000        0.12559E-02     0.0000    
60.00       -0.9500        0.12597E-02   -0.16248E-01
60.00       -0.9000        0.12638E-02   -0.22566E-01
60.00       -0.8500        0.12679E-02   -0.27129E-01
60.00       -0.8000        0.12722E-02   -0.30736E-01
60.00       -0.7500        0.12766E-02   -0.33700E-01
60.00       -0.7000        0.12812E-02   -0.36185E-01
60.00       -0.6500        0.12859E-02   -0.38290E-01
60.00       -0.6000        0.12907E-02   -0.40079E-01
60.00       -0.5500        0.12957E-02   -0.41599E-01
60.00       -0.5000        0.13007E-02   -0.42883E-01
60.00       -0.4500        0.13060E-02   -0.43956E-01
60.00       -0.4000        0.13114E-02   -0.44839E-01
60.00       -0.3500        0.13169E-02   -0.45547E-01
60.00       -0.3000        0.13225E-02   -0.46093E-01
60.00       -0.2500        0.13283E-02   -0.46489E-01
60.00       -0.2000        0.13342E-02   -0.46742E-01
60.00       -0.1500        0.13402E-02   -0.46860E-01
60.00       -0.1000        0.13464E-02   -0.46848E-01
60.00       -0.5000E-01    0.13527E-02   -0.46712E-01
60.00         0.000        0.13592E-02   -0.46455E-01
60.00        0.5000E-01    0.13658E-02   -0.46080E-01
60.00        0.1000        0.13725E-02   -0.45590E-01
60.00        0.1500        0.13793E-02   -0.44985E-01
60.00        0.2000        0.13863E-02   -0.44266E-01
60.00        0.2500        0.13935E-02   -0.43432E-01
60.00        0.3000        0.14007E-02   -0.42482E-01
60.00        0.3500        0.14081E-02   -0.41413E-01
60.00        0.4000        0.14157E-02   -0.40221E-01
60.00        0.4500        0.14233E-02   -0.38900E-01
60.00        0.5000        0.14311E-02   -0.37441E-01
60.00        0.5500        0.14391E-02   -0.35834E-01
60.00        0.6000        0.14471E-02   -0.34063E-01
60.00        0.6500        0.14554E-02   -0.32109E-01
60.00        0.7000        0.14637E-02   -0.29940E-01
60.00        0.7500        0.14722E-02   -0.27513E-01
60.00        0.8000        0.14808E-02   -0.24761E-01
60.00        0.8500        0.14896E-02   -0.21567E-01
60.00        0.9000        0.14984E-02   -0.17703E-01
60.00        0.9500        0.15075E-02   -0.12579E-01
60.00         1.000        0.15166E-02     0.0000    
70.00        -1.000        0.95485E-03     0.0000    
70.00       -0.9500        0.97865E-03   -0.66825E-02
70.00       -0.9000        0.10028E-02   -0.89762E-02
70.00       -0.8500        0.10273E-02   -0.10439E-01
70.00       -0.8000        0.10521E-02   -0.11442E-01
70.00       -0.7500        0.10772E-02   -0.12138E-01
70.00       -0.7000        0.11027E-02   -0.12612E-01
70.00       -0.6500        0.11285E-02   -0.12916E-01
70.00       -0.6000        0.11547E-02   -0.13085E-01
70.00       -0.5500        0.11812E-02   -0.13146E-01
70.00       -0.5000        0.12080E-02   -0.13119E-01
70.00       -0.4500        0.12352E-02   -0.13017E-01
70.00       -0.4000        0.12627E-02   -0.12855E-01
70.00       -0.3500        0.12905E-02   -0.12642E-01
70.00       -0.3000        0.13187E-02   -0.12387E-01
70.00       -0.2500        0.13472E-02   -0.12095E-01
70.00       -0.2000        0.13760E-02   -0.11774E-01
70.00       -0.1500        0.14052E-02   -0.11427E-01
70.00       -0.1000        0.14347E-02   -0.11059E-01
70.00       -0.5000E-01    0.14646E-02   -0.10674E-01
70.00         0.000        0.14948E-02   -0.10275E-01
70.00        0.5000E-01    0.15253E-02   -0.98643E-02
70.00        0.1000        0.15562E-02   -0.94442E-02
70.00        0.1500        0.15874E-02   -0.90169E-02
70.00        0.2000        0.16189E-02   -0.85838E-02
70.00        0.2500        0.16508E-02   -0.81464E-02
70.00        0.3000        0.16830E-02   -0.77058E-02
70.00        0.3500        0.17156E-02   -0.72628E-02
70.00        0.4000        0.17485E-02   -0.68182E-02
70.00        0.4500        0.17817E-02   -0.63722E-02
70.00        0.5000        0.18152E-02   -0.59251E-02
70.00        0.5500        0.18491E-02   -0.54764E-02
70.00        0.6000        0.18834E-02   -0.50256E-02
70.00        0.6500        0.19179E-02   -0.45714E-02
70.00        0.7000        0.19528E-02   -0.41117E-02
70.00        0.7500        0.19881E-02   -0.36429E-02
70.00        0.8000        0.20237E-02   -0.31593E-02
70.00        0.8500        0.20596E-02   -0.26502E-02
70.00        0.9000        0.20958E-02   -0.20938E-02
70.00        0.9500        0.21324E-02   -0.14311E-02
70.00         1.000        0.21694E-02     0.0000    
80.00        -1.000        0.74788E-03     0.0000    
80.00       -0.9500        0.78362E-03   -0.18543E-01
80.00       -0.9000        0.82038E-03   -0.24266E-01
80.00       -0.8500        0.85817E-03   -0.27503E-01
80.00       -0.8000        0.89699E-03   -0.29390E-01
80.00       -0.7500        0.93684E-03   -0.30410E-01
80.00       -0.7000        0.97772E-03   -0.30827E-01
80.00       -0.6500        0.10196E-02   -0.30810E-01
80.00       -0.6000        0.10626E-02   -0.30472E-01
80.00       -0.5500        0.11065E-02   -0.29894E-01
80.00       -0.5000        0.11515E-02   -0.29136E-01
80.00       -0.4500        0.11975E-02   -0.28244E-01
80.00       -0.4000        0.12446E-02   -0.27253E-01
80.00       -0.3500        0.12927E-02   -0.26191E-01
80.00       -0.3000        0.13418E-02   -0.25080E-01
80.00       -0.2500        0.13919E-02   -0.23937E-01
80.00       -0.2000        0.14430E-02   -0.22775E-01
80.00       -0.1500        0.14952E-02   -0.21607E-01
80.00       -0.1000        0.15485E-02   -0.20441E-01
80.00       -0.5000E-01    0.16027E-02   -0.19284E-01
80.00         0.000        0.16580E-02   -0.18142E-01
80.00        0.5000E-01    0.17143E-02   -0.17020E-01
80.00        0.1000        0.17716E-02   -0.15920E-01
80.00        0.1500        0.18300E-02   -0.14847E-01
80.00        0.2000        0.18893E-02   -0.13802E-01
80.00        0.2500        0.19498E-02   -0.12786E-01
80.00        0.3000        0.20112E-02   -0.11802E-01
80.00        0.3500        0.20737E-02   -0.10849E-01
80.00        0.4000        0.21372E-02   -0.99275E-02
80.00        0.4500        0.22017E-02   -0.90383E-02
80.00        0.5000        0.22673E-02   -0.81807E-02
80.00        0.5500        0.23338E-02   -0.73541E-02
80.00        0.6000        0.24015E-02   -0.65576E-02
80.00        0.6500        0.24701E-02   -0.57896E-02
80.00        0.7000        0.25398E-02   -0.50479E-02
80.00        0.7500        0.26105E-02   -0.43293E-02
80.00        0.8000        0.26822E-02   -0.36284E-02
80.00        0.8500        0.27549E-02   -0.29359E-02
80.00        0.9000        0.28287E-02   -0.22325E-02
80.00        0.9500        0.29035E-02   -0.14649E-02
80.00         1.000        0.29794E-02     0.0000    
90.00        -1.000        0.61278E-03     0.0000    
90.00       -0.9500        0.65529E-03   -0.34899E-01
90.00       -0.9000        0.69970E-03   -0.44684E-01
90.00       -0.8500        0.74601E-03   -0.49581E-01
90.00       -0.8000        0.79421E-03   -0.51902E-01
90.00       -0.7500        0.84431E-03   -0.52636E-01
90.00       -0.7000        0.89631E-03   -0.52328E-01
90.00       -0.6500        0.95021E-03   -0.51315E-01
90.00       -0.6000        0.10060E-02   -0.49821E-01
90.00       -0.5500        0.10637E-02   -0.48003E-01
90.00       -0.5000        0.11233E-02   -0.45969E-01
90.00       -0.4500        0.11848E-02   -0.43802E-01
90.00       -0.4000        0.12482E-02   -0.41561E-01
90.00       -0.3500        0.13134E-02   -0.39288E-01
90.00       -0.3000        0.13806E-02   -0.37017E-01
90.00       -0.2500        0.14497E-02   -0.34771E-01
90.00       -0.2000        0.15207E-02   -0.32569E-01
90.00       -0.1500        0.15935E-02   -0.30423E-01
90.00       -0.1000        0.16683E-02   -0.28343E-01
90.00       -0.5000E-01    0.17450E-02   -0.26334E-01
90.00         0.000        0.18235E-02   -0.24401E-01
90.00        0.5000E-01    0.19040E-02   -0.22547E-01
90.00        0.1000        0.19864E-02   -0.20773E-01
90.00        0.1500        0.20706E-02   -0.19080E-01
90.00        0.2000        0.21568E-02   -0.17465E-01
90.00        0.2500        0.22448E-02   -0.15930E-01
90.00        0.3000        0.23348E-02   -0.14472E-01
90.00        0.3500        0.24266E-02   -0.13089E-01
90.00        0.4000        0.25204E-02   -0.11780E-01
90.00        0.4500        0.26160E-02   -0.10542E-01
90.00        0.5000        0.27136E-02   -0.93731E-02
90.00        0.5500        0.28130E-02   -0.82704E-02
90.00        0.6000        0.29144E-02   -0.72314E-02
90.00        0.6500        0.30176E-02   -0.62533E-02
90.00        0.7000        0.31227E-02   -0.53327E-02
90.00        0.7500        0.32298E-02   -0.44656E-02
90.00        0.8000        0.33387E-02   -0.36468E-02
90.00        0.8500        0.34495E-02   -0.28679E-02
90.00        0.9000        0.35622E-02   -0.21129E-02
90.00        0.9500        0.36769E-02   -0.13379E-02
90.00         1.000        0.37934E-02     0.0000    
100.0        -1.000        0.49882E-03     0.0000    
100.0       -0.9500        0.54482E-03   -0.58447E-01
100.0       -0.9000        0.59381E-03   -0.73231E-01
100.0       -0.8500        0.64577E-03   -0.79570E-01
100.0       -0.8000        0.70072E-03   -0.81622E-01
100.0       -0.7500        0.75865E-03   -0.81175E-01
100.0       -0.7000        0.81957E-03   -0.79196E-01
100.0       -0.6500        0.88346E-03   -0.76270E-01
100.0       -0.6000        0.95034E-03   -0.72773E-01
100.0       -0.5500        0.10202E-02   -0.68954E-01
100.0       -0.5000        0.10930E-02   -0.64979E-01
100.0       -0.4500        0.11689E-02   -0.60963E-01
100.0       -0.4000        0.12477E-02   -0.56985E-01
100.0       -0.3500        0.13295E-02   -0.53096E-01
100.0       -0.3000        0.14142E-02   -0.49333E-01
100.0       -0.2500        0.15020E-02   -0.45717E-01
100.0       -0.2000        0.15927E-02   -0.42262E-01
100.0       -0.1500        0.16865E-02   -0.38975E-01
100.0       -0.1000        0.17832E-02   -0.35858E-01
100.0       -0.5000E-01    0.18828E-02   -0.32911E-01
100.0         0.000        0.19855E-02   -0.30131E-01
100.0        0.5000E-01    0.20912E-02   -0.27514E-01
100.0        0.1000        0.21998E-02   -0.25053E-01
100.0        0.1500        0.23114E-02   -0.22743E-01
100.0        0.2000        0.24260E-02   -0.20578E-01
100.0        0.2500        0.25436E-02   -0.18551E-01
100.0        0.3000        0.26641E-02   -0.16655E-01
100.0        0.3500        0.27877E-02   -0.14885E-01
100.0        0.4000        0.29142E-02   -0.13233E-01
100.0        0.4500        0.30437E-02   -0.11694E-01
100.0        0.5000        0.31762E-02   -0.10263E-01
100.0        0.5500        0.33117E-02   -0.89327E-02
100.0        0.6000        0.34501E-02   -0.76987E-02
100.0        0.6500        0.35916E-02   -0.65557E-02
100.0        0.7000        0.37360E-02   -0.54984E-02
100.0        0.7500        0.38834E-02   -0.45214E-02
100.0        0.8000        0.40338E-02   -0.36186E-02
100.0        0.8500        0.41871E-02   -0.27815E-02
100.0        0.9000        0.43435E-02   -0.19961E-02
100.0        0.9500        0.45028E-02   -0.12254E-02
100.0         1.000        0.46651E-02     0.0000    
110.0        -1.000        0.39993E-03     0.0000    
110.0       -0.9500        0.44629E-03   -0.92335E-01
110.0       -0.9000        0.49694E-03   -0.11319    
110.0       -0.8500        0.55189E-03   -0.12037    
110.0       -0.8000        0.61113E-03   -0.12093    
110.0       -0.7500        0.67465E-03   -0.11789    
110.0       -0.7000        0.74248E-03   -0.11283    
110.0       -0.6500        0.81459E-03   -0.10670    
110.0       -0.6000        0.89099E-03   -0.10006    
110.0       -0.5500        0.97169E-03   -0.93264E-01
110.0       -0.5000        0.10567E-02   -0.86528E-01
110.0       -0.4500        0.11460E-02   -0.79989E-01
110.0       -0.4000        0.12395E-02   -0.73727E-01
110.0       -0.3500        0.13374E-02   -0.67786E-01
110.0       -0.3000        0.14396E-02   -0.62188E-01
110.0       -0.2500        0.15460E-02   -0.56938E-01
110.0       -0.2000        0.16567E-02   -0.52031E-01
110.0       -0.1500        0.17718E-02   -0.47458E-01
110.0       -0.1000        0.18911E-02   -0.43204E-01
110.0       -0.5000E-01    0.20147E-02   -0.39252E-01
110.0         0.000        0.21426E-02   -0.35587E-01
110.0        0.5000E-01    0.22748E-02   -0.32189E-01
110.0        0.1000        0.24113E-02   -0.29042E-01
110.0        0.1500        0.25521E-02   -0.26130E-01
110.0        0.2000        0.26972E-02   -0.23437E-01
110.0        0.2500        0.28465E-02   -0.20948E-01
110.0        0.3000        0.30002E-02   -0.18649E-01
110.0        0.3500        0.31582E-02   -0.16527E-01
110.0        0.4000        0.33204E-02   -0.14570E-01
110.0        0.4500        0.34869E-02   -0.12768E-01
110.0        0.5000        0.36578E-02   -0.11109E-01
110.0        0.5500        0.38329E-02   -0.95846E-02
110.0        0.6000        0.40123E-02   -0.81858E-02
110.0        0.6500        0.41960E-02   -0.69042E-02
110.0        0.7000        0.43840E-02   -0.57322E-02
110.0        0.7500        0.45763E-02   -0.46622E-02
110.0        0.8000        0.47729E-02   -0.36863E-02
110.0        0.8500        0.49737E-02   -0.27951E-02
110.0        0.9000        0.51789E-02   -0.19744E-02
110.0        0.9500        0.53883E-02   -0.11894E-02
110.0         1.000        0.56021E-02     0.0000    
120.0        -1.000        0.31609E-03     0.0000    
120.0       -0.9500        0.35963E-03   -0.14069    
120.0       -0.9000        0.40899E-03   -0.16887    
120.0       -0.8500        0.46418E-03   -0.17574    
120.0       -0.8000        0.52520E-03   -0.17281    
120.0       -0.7500        0.59206E-03   -0.16499    
120.0       -0.7000        0.66474E-03   -0.15480    
120.0       -0.6500        0.74325E-03   -0.14366    
120.0       -0.6000        0.82759E-03   -0.13235    
120.0       -0.5500        0.91775E-03   -0.12133    
120.0       -0.5000        0.10138E-02   -0.11084    
120.0       -0.4500        0.11156E-02   -0.10099    
120.0       -0.4000        0.12232E-02   -0.91832E-01
120.0       -0.3500        0.13367E-02   -0.83377E-01
120.0       -0.3000        0.14560E-02   -0.75598E-01
120.0       -0.2500        0.15812E-02   -0.68462E-01
120.0       -0.2000        0.17122E-02   -0.61925E-01
120.0       -0.1500        0.18490E-02   -0.55945E-01
120.0       -0.1000        0.19916E-02   -0.50477E-01
120.0       -0.5000E-01    0.21400E-02   -0.45478E-01
120.0         0.000        0.22943E-02   -0.40909E-01
120.0        0.5000E-01    0.24545E-02   -0.36732E-01
120.0        0.1000        0.26204E-02   -0.32914E-01
120.0        0.1500        0.27922E-02   -0.29423E-01
120.0        0.2000        0.29698E-02   -0.26231E-01
120.0        0.2500        0.31532E-02   -0.23312E-01
120.0        0.3000        0.33425E-02   -0.20643E-01
120.0        0.3500        0.35376E-02   -0.18203E-01
120.0        0.4000        0.37385E-02   -0.15972E-01
120.0        0.4500        0.39453E-02   -0.13935E-01
120.0        0.5000        0.41578E-02   -0.12076E-01
120.0        0.5500        0.43763E-02   -0.10379E-01
120.0        0.6000        0.46005E-02   -0.88337E-02
120.0        0.6500        0.48306E-02   -0.74271E-02
120.0        0.7000        0.50665E-02   -0.61488E-02
120.0        0.7500        0.53082E-02   -0.49886E-02
120.0        0.8000        0.55557E-02   -0.39361E-02
120.0        0.8500        0.58091E-02   -0.29796E-02
120.0        0.9000        0.60683E-02   -0.21024E-02
120.0        0.9500        0.63334E-02   -0.12661E-02
120.0         1.000        0.66043E-02     0.0000    
130.0        -1.000        0.24882E-03     0.0000    
130.0       -0.9500        0.28627E-03   -0.20807    
130.0       -0.9000        0.33131E-03   -0.24557    
130.0       -0.8500        0.38394E-03   -0.25046    
130.0       -0.8000        0.44416E-03   -0.24105    
130.0       -0.7500        0.51198E-03   -0.22523    
130.0       -0.7000        0.58738E-03   -0.20697    
130.0       -0.6500        0.67038E-03   -0.18832    
130.0       -0.6000        0.76097E-03   -0.17033    
130.0       -0.5500        0.85916E-03   -0.15351    
130.0       -0.5000        0.96493E-03   -0.13805    
130.0       -0.4500        0.10783E-02   -0.12399    
130.0       -0.4000        0.11993E-02   -0.11128    
130.0       -0.3500        0.13278E-02   -0.99826E-01
130.0       -0.3000        0.14640E-02   -0.89529E-01
130.0       -0.2500        0.16077E-02   -0.80275E-01
130.0       -0.2000        0.17590E-02   -0.71958E-01
130.0       -0.1500        0.19179E-02   -0.64478E-01
130.0       -0.1000        0.20845E-02   -0.57747E-01
130.0       -0.5000E-01    0.22586E-02   -0.51681E-01
130.0         0.000        0.24403E-02   -0.46211E-01
130.0        0.5000E-01    0.26295E-02   -0.41272E-01
130.0        0.1000        0.28264E-02   -0.36808E-01
130.0        0.1500        0.30309E-02   -0.32768E-01
130.0        0.2000        0.32430E-02   -0.29110E-01
130.0        0.2500        0.34626E-02   -0.25794E-01
130.0        0.3000        0.36899E-02   -0.22787E-01
130.0        0.3500        0.39247E-02   -0.20057E-01
130.0        0.4000        0.41671E-02   -0.17580E-01
130.0        0.4500        0.44172E-02   -0.15330E-01
130.0        0.5000        0.46748E-02   -0.13287E-01
130.0        0.5500        0.49400E-02   -0.11431E-01
130.0        0.6000        0.52128E-02   -0.97469E-02
130.0        0.6500        0.54932E-02   -0.82183E-02
130.0        0.7000        0.57812E-02   -0.68314E-02
130.0        0.7500        0.60768E-02   -0.55727E-02
130.0        0.8000        0.63799E-02   -0.44288E-02
130.0        0.8500        0.66907E-02   -0.33846E-02
130.0        0.9000        0.70090E-02   -0.24181E-02
130.0        0.9500        0.73350E-02   -0.14805E-02
130.0         1.000        0.76685E-02     0.0000    
140.0        -1.000        0.19999E-03    -0.0000    
140.0       -0.9500        0.22804E-03   -0.29652    
140.0       -0.9000        0.26566E-03   -0.34810    
140.0       -0.8500        0.31286E-03   -0.34983    
140.0       -0.8000        0.36963E-03   -0.33013    
140.0       -0.7500        0.43597E-03   -0.30189    
140.0       -0.7000        0.51189E-03   -0.27148    
140.0       -0.6500        0.59739E-03   -0.24196    
140.0       -0.6000        0.69245E-03   -0.21467    
140.0       -0.5500        0.79710E-03   -0.19009    
140.0       -0.5000        0.91131E-03   -0.16824    
140.0       -0.4500        0.10351E-02   -0.14895    
140.0       -0.4000        0.11685E-02   -0.13197    
140.0       -0.3500        0.13114E-02   -0.11705    
140.0       -0.3000        0.14639E-02   -0.10392    
140.0       -0.2500        0.16260E-02   -0.92348E-01
140.0       -0.2000        0.17977E-02   -0.82133E-01
140.0       -0.1500        0.19789E-02   -0.73095E-01
140.0       -0.1000        0.21697E-02   -0.65078E-01
140.0       -0.5000E-01    0.23701E-02   -0.57951E-01
140.0         0.000        0.25800E-02   -0.51600E-01
140.0        0.5000E-01    0.27996E-02   -0.45928E-01
140.0        0.1000        0.30287E-02   -0.40852E-01
140.0        0.1500        0.32674E-02   -0.36299E-01
140.0        0.2000        0.35156E-02   -0.32209E-01
140.0        0.2500        0.37734E-02   -0.28528E-01
140.0        0.3000        0.40408E-02   -0.25210E-01
140.0        0.3500        0.43178E-02   -0.22215E-01
140.0        0.4000        0.46044E-02   -0.19509E-01
140.0        0.4500        0.49005E-02   -0.17060E-01
140.0        0.5000        0.52062E-02   -0.14842E-01
140.0        0.5500        0.55214E-02   -0.12832E-01
140.0        0.6000        0.58463E-02   -0.11008E-01
140.0        0.6500        0.61807E-02   -0.93511E-02
140.0        0.7000        0.65247E-02   -0.78438E-02
140.0        0.7500        0.68783E-02   -0.64693E-02
140.0        0.8000        0.72414E-02   -0.52103E-02
140.0        0.8500        0.76141E-02   -0.40468E-02
140.0        0.9000        0.79964E-02   -0.29492E-02
140.0        0.9500        0.83883E-02   -0.18505E-02
140.0         1.000        0.87897E-02     0.0000    
150.0        -1.000        0.17137E-03    -0.0000    
150.0       -0.9500        0.18671E-03   -0.39755    
150.0       -0.9000        0.21381E-03   -0.47577    
150.0       -0.8500        0.25267E-03   -0.47748    
150.0       -0.8000        0.30330E-03   -0.44447    
150.0       -0.7500        0.36569E-03   -0.39852    
150.0       -0.7000        0.43985E-03   -0.35068    
150.0       -0.6500        0.52578E-03   -0.30590    
150.0       -0.6000        0.62346E-03   -0.26600    
150.0       -0.5500        0.73292E-03   -0.23127    
150.0       -0.5000        0.85413E-03   -0.20137    
150.0       -0.4500        0.98712E-03   -0.17575    
150.0       -0.4000        0.11319E-02   -0.15378    
150.0       -0.3500        0.12884E-02   -0.13493    
150.0       -0.3000        0.14566E-02   -0.11868    
150.0       -0.2500        0.16367E-02   -0.10464    
150.0       -0.2000        0.18285E-02   -0.92454E-01
150.0       -0.1500        0.20321E-02   -0.81833E-01
150.0       -0.1000        0.22474E-02   -0.72540E-01
150.0       -0.5000E-01    0.24745E-02   -0.64378E-01
150.0         0.000        0.27134E-02   -0.57183E-01
150.0        0.5000E-01    0.29640E-02   -0.50818E-01
150.0        0.1000        0.32264E-02   -0.45169E-01
150.0        0.1500        0.35005E-02   -0.40141E-01
150.0        0.2000        0.37865E-02   -0.35652E-01
150.0        0.2500        0.40841E-02   -0.31633E-01
150.0        0.3000        0.43936E-02   -0.28028E-01
150.0        0.3500        0.47148E-02   -0.24784E-01
150.0        0.4000        0.50478E-02   -0.21860E-01
150.0        0.4500        0.53925E-02   -0.19219E-01
150.0        0.5000        0.57490E-02   -0.16827E-01
150.0        0.5500        0.61173E-02   -0.14658E-01
150.0        0.6000        0.64974E-02   -0.12684E-01
150.0        0.6500        0.68892E-02   -0.10884E-01
150.0        0.7000        0.72927E-02   -0.92370E-02
150.0        0.7500        0.77081E-02   -0.77215E-02
150.0        0.8000        0.81352E-02   -0.63161E-02
150.0        0.8500        0.85740E-02   -0.49945E-02
150.0        0.9000        0.90246E-02   -0.37165E-02
150.0        0.9500        0.94870E-02   -0.23896E-02
150.0         1.000        0.99612E-02     0.0000    
160.0        -1.000        0.16452E-03    -0.0000    
160.0       -0.9500        0.16387E-03   -0.48110    
160.0       -0.9000        0.17736E-03   -0.61100    
160.0       -0.8500        0.20501E-03   -0.62891    
160.0       -0.8000        0.24680E-03   -0.58563    
160.0       -0.7500        0.30275E-03   -0.51786    
160.0       -0.7000        0.37284E-03   -0.44661    
160.0       -0.6500        0.45708E-03   -0.38124    
160.0       -0.6000        0.55548E-03   -0.32468    
160.0       -0.5500        0.66802E-03   -0.27702    
160.0       -0.5000        0.79471E-03   -0.23726    
160.0       -0.4500        0.93556E-03   -0.20414    
160.0       -0.4000        0.10905E-02   -0.17649    
160.0       -0.3500        0.12597E-02   -0.15329    
160.0       -0.3000        0.14430E-02   -0.13372    
160.0       -0.2500        0.16404E-02   -0.11711    
160.0       -0.2000        0.18520E-02   -0.10293    
160.0       -0.1500        0.20778E-02   -0.90739E-01
160.0       -0.1000        0.23176E-02   -0.80207E-01
160.0       -0.5000E-01    0.25717E-02   -0.71058E-01
160.0         0.000        0.28399E-02   -0.63068E-01
160.0        0.5000E-01    0.31222E-02   -0.56058E-01
160.0        0.1000        0.34187E-02   -0.49880E-01
160.0        0.1500        0.37293E-02   -0.44412E-01
160.0        0.2000        0.40541E-02   -0.39553E-01
160.0        0.2500        0.43931E-02   -0.35220E-01
160.0        0.3000        0.47462E-02   -0.31342E-01
160.0        0.3500        0.51134E-02   -0.27860E-01
160.0        0.4000        0.54948E-02   -0.24722E-01
160.0        0.4500        0.58903E-02   -0.21885E-01
160.0        0.5000        0.63000E-02   -0.19313E-01
160.0        0.5500        0.67238E-02   -0.16971E-01
160.0        0.6000        0.71618E-02   -0.14831E-01
160.0        0.6500        0.76140E-02   -0.12866E-01
160.0        0.7000        0.80803E-02   -0.11052E-01
160.0        0.7500        0.85607E-02   -0.93632E-02
160.0        0.8000        0.90553E-02   -0.77738E-02
160.0        0.8500        0.95640E-02   -0.62494E-02
160.0        0.9000        0.10087E-01   -0.47362E-02
160.0        0.9500        0.10624E-01   -0.31078E-02
160.0         1.000        0.11175E-01     0.0000    
170.0        -1.000        0.18070E-03    -0.0000    
170.0       -0.9500        0.16086E-03   -0.50278    
170.0       -0.9000        0.15774E-03   -0.70795    
170.0       -0.8500        0.17133E-03   -0.77902    
170.0       -0.8000        0.20163E-03   -0.74554    
170.0       -0.7500        0.24864E-03   -0.65895    
170.0       -0.7000        0.31236E-03   -0.55985    
170.0       -0.6500        0.39280E-03   -0.46828    
170.0       -0.6000        0.48995E-03   -0.39060    
170.0       -0.5500        0.60381E-03   -0.32696    
170.0       -0.5000        0.73438E-03   -0.27543    
170.0       -0.4500        0.88167E-03   -0.23371    
170.0       -0.4000        0.10457E-02   -0.19975    
170.0       -0.3500        0.12264E-02   -0.17192    
170.0       -0.3000        0.14238E-02   -0.14890    
170.0       -0.2500        0.16379E-02   -0.12971    
170.0       -0.2000        0.18688E-02   -0.11356    
170.0       -0.1500        0.21163E-02   -0.99861E-01
170.0       -0.1000        0.23806E-02   -0.88159E-01
170.0       -0.5000E-01    0.26616E-02   -0.78089E-01
170.0         0.000        0.29593E-02   -0.69365E-01
170.0        0.5000E-01    0.32737E-02   -0.61762E-01
170.0        0.1000        0.36048E-02   -0.55097E-01
170.0        0.1500        0.39526E-02   -0.49222E-01
170.0        0.2000        0.43172E-02   -0.44019E-01
170.0        0.2500        0.46984E-02   -0.39387E-01
170.0        0.3000        0.50964E-02   -0.35245E-01
170.0        0.3500        0.55111E-02   -0.31525E-01
170.0        0.4000        0.59424E-02   -0.28169E-01
170.0        0.4500        0.63905E-02   -0.25127E-01
170.0        0.5000        0.68554E-02   -0.22358E-01
170.0        0.5500        0.73369E-02   -0.19824E-01
170.0        0.6000        0.78351E-02   -0.17493E-01
170.0        0.6500        0.83501E-02   -0.15335E-01
170.0        0.7000        0.88817E-02   -0.13320E-01
170.0        0.7500        0.94301E-02   -0.11422E-01
170.0        0.8000        0.99952E-02   -0.96051E-02
170.0        0.8500        0.10577E-01   -0.78282E-02
170.0        0.9000        0.11176E-01   -0.60203E-02
170.0        0.9500        0.11791E-01   -0.40127E-02
170.0         1.000        0.12423E-01     0.0000    
180.0        -1.000        0.22088E-03    -0.0000    
180.0       -0.9500        0.17879E-03   -0.44631    
180.0       -0.9000        0.15614E-03   -0.71026    
180.0       -0.8500        0.15291E-03   -0.87254    
180.0       -0.8000        0.16912E-03   -0.89453    
180.0       -0.7500        0.20476E-03   -0.81082    
180.0       -0.7000        0.25984E-03   -0.68676    
180.0       -0.6500        0.33434E-03   -0.56536    
180.0       -0.6000        0.42828E-03   -0.46250    
180.0       -0.5500        0.54165E-03   -0.38002    
180.0       -0.5000        0.67445E-03   -0.31502    
180.0       -0.4500        0.82668E-03   -0.26379    
180.0       -0.4000        0.99834E-03   -0.22314    
180.0       -0.3500        0.11894E-02   -0.19053    
180.0       -0.3000        0.14000E-02   -0.16407    
180.0       -0.2500        0.16299E-02   -0.14236    
180.0       -0.2000        0.18793E-02   -0.12435    
180.0       -0.1500        0.21481E-02   -0.10925    
180.0       -0.1000        0.24364E-02   -0.96478E-01
180.0       -0.5000E-01    0.27441E-02   -0.85571E-01
180.0         0.000        0.30712E-02   -0.76182E-01
180.0        0.5000E-01    0.34178E-02   -0.68040E-01
180.0        0.1000        0.37837E-02   -0.60929E-01
180.0        0.1500        0.41692E-02   -0.54677E-01
180.0        0.2000        0.45740E-02   -0.49146E-01
180.0        0.2500        0.49983E-02   -0.44224E-01
180.0        0.3000        0.54420E-02   -0.39819E-01
180.0        0.3500        0.59051E-02   -0.35854E-01
180.0        0.4000        0.63877E-02   -0.32267E-01
180.0        0.4500        0.68897E-02   -0.29002E-01
180.0        0.5000        0.74112E-02   -0.26013E-01
180.0        0.5500        0.79520E-02   -0.23261E-01
180.0        0.6000        0.85123E-02   -0.20708E-01
180.0        0.6500        0.90921E-02   -0.18322E-01
180.0        0.7000        0.96912E-02   -0.16070E-01
180.0        0.7500        0.10310E-01   -0.13918E-01
180.0        0.8000        0.10948E-01   -0.11827E-01
180.0        0.8500        0.11605E-01   -0.97439E-02
180.0        0.9000        0.12282E-01   -0.75780E-02
180.0        0.9500        0.12979E-01   -0.51099E-02
180.0         1.000        0.13694E-01     0.0000    
190.0        -1.000        0.28574E-03    -0.0000    
190.0       -0.9500        0.21849E-03   -0.34342    
190.0       -0.9000        0.17354E-03   -0.60693    
190.0       -0.8500        0.15086E-03   -0.84835    
190.0       -0.8000        0.15048E-03   -0.97403    
190.0       -0.7500        0.17238E-03   -0.94243    
190.0       -0.7000        0.21657E-03   -0.81428    
190.0       -0.6500        0.28305E-03   -0.66655    
190.0       -0.6000        0.37182E-03   -0.53704    
190.0       -0.5500        0.48287E-03   -0.43400    
190.0       -0.5000        0.61621E-03   -0.35452    
190.0       -0.4500        0.77184E-03   -0.29340    
190.0       -0.4000        0.94975E-03   -0.24599    
190.0       -0.3500        0.11500E-02   -0.20873    
190.0       -0.3000        0.13724E-02   -0.17903    
190.0       -0.2500        0.16172E-02   -0.15500    
190.0       -0.2000        0.18843E-02   -0.13531    
190.0       -0.1500        0.21736E-02   -0.11897    
190.0       -0.1000        0.24853E-02   -0.10524    
190.0       -0.5000E-01    0.28192E-02   -0.93600E-01
190.0         0.000        0.31754E-02   -0.83623E-01
190.0        0.5000E-01    0.35539E-02   -0.74996E-01
190.0        0.1000        0.39547E-02   -0.67476E-01
190.0        0.1500        0.43778E-02   -0.60869E-01
190.0        0.2000        0.48231E-02   -0.55021E-01
190.0        0.2500        0.52908E-02   -0.49810E-01
190.0        0.3000        0.57807E-02   -0.45134E-01
190.0        0.3500        0.62929E-02   -0.40911E-01
190.0        0.4000        0.68275E-02   -0.37072E-01
190.0        0.4500        0.73843E-02   -0.33559E-01
190.0        0.5000        0.79633E-02   -0.30322E-01
190.0        0.5500        0.85647E-02   -0.27318E-01
190.0        0.6000        0.91884E-02   -0.24507E-01
190.0        0.6500        0.98343E-02   -0.21853E-01
190.0        0.7000        0.10503E-01   -0.19320E-01
190.0        0.7500        0.11193E-01   -0.16869E-01
190.0        0.8000        0.11906E-01   -0.14453E-01
190.0        0.8500        0.12641E-01   -0.12006E-01
190.0        0.9000        0.13398E-01   -0.94164E-02
190.0        0.9500        0.14178E-01   -0.64038E-02
190.0         1.000        0.14980E-01     0.0000    
200.0        -1.000        0.37571E-03     0.0000    
200.0       -0.9500        0.28058E-03   -0.23547    
200.0       -0.9000        0.21071E-03   -0.44735    
200.0       -0.8500        0.16610E-03   -0.70065    
200.0       -0.8000        0.14674E-03   -0.92240    
200.0       -0.7500        0.15263E-03   -0.99781    
200.0       -0.7000        0.18378E-03   -0.91287    
200.0       -0.6500        0.24019E-03   -0.75805    
200.0       -0.6000        0.32185E-03   -0.60715    
200.0       -0.5500        0.42876E-03   -0.48488    
200.0       -0.5000        0.56093E-03   -0.39153    
200.0       -0.4500        0.71835E-03   -0.32107    
200.0       -0.4000        0.90103E-03   -0.26745    
200.0       -0.3500        0.11090E-02   -0.22605    
200.0       -0.3000        0.13421E-02   -0.19352    
200.0       -0.2500        0.16006E-02   -0.16753    
200.0       -0.2000        0.18843E-02   -0.14643    
200.0       -0.1500        0.21932E-02   -0.12905    
200.0       -0.1000        0.25274E-02   -0.11454    
200.0       -0.5000E-01    0.28869E-02   -0.10227    
200.0         0.000        0.32716E-02   -0.91782E-01
200.0        0.5000E-01    0.36816E-02   -0.82726E-01
200.0        0.1000        0.41168E-02   -0.74830E-01
200.0        0.1500        0.45773E-02   -0.67884E-01
200.0        0.2000        0.50630E-02   -0.61723E-01
200.0        0.2500        0.55740E-02   -0.56215E-01
200.0        0.3000        0.61102E-02   -0.51252E-01
200.0        0.3500        0.66717E-02   -0.46748E-01
200.0        0.4000        0.72585E-02   -0.42631E-01
200.0        0.4500        0.78705E-02   -0.38838E-01
200.0        0.5000        0.85077E-02   -0.35317E-01
200.0        0.5500        0.91703E-02   -0.32023E-01
200.0        0.6000        0.98580E-02   -0.28914E-01
200.0        0.6500        0.10571E-01   -0.25949E-01
200.0        0.7000        0.11309E-01   -0.23088E-01
200.0        0.7500        0.12073E-01   -0.20287E-01
200.0        0.8000        0.12862E-01   -0.17492E-01
200.0        0.8500        0.13676E-01   -0.14623E-01
200.0        0.9000        0.14515E-01   -0.11541E-01
200.0        0.9500        0.15380E-01   -0.78972E-02
200.0         1.000        0.16269E-01     0.0000    
210.0        -1.000        0.49097E-03     0.0000    
210.0       -0.9500        0.36547E-03   -0.14338    
210.0       -0.9000        0.26827E-03   -0.28726    
210.0       -0.8500        0.19938E-03   -0.49084    
210.0       -0.8000        0.15881E-03   -0.73585    
210.0       -0.7500        0.14654E-03   -0.91966    
210.0       -0.7000        0.16258E-03   -0.93443    
210.0       -0.6500        0.20693E-03   -0.81422    
210.0       -0.6000        0.27958E-03   -0.66009    
210.0       -0.5500        0.38055E-03   -0.52599    
210.0       -0.5000        0.50983E-03   -0.42238    
210.0       -0.4500        0.66741E-03   -0.34473    
210.0       -0.4000        0.85331E-03   -0.28637    
210.0       -0.3500        0.10675E-02   -0.24184    
210.0       -0.3000        0.13100E-02   -0.20723    
210.0       -0.2500        0.15808E-02   -0.17980    
210.0       -0.2000        0.18800E-02   -0.15768    
210.0       -0.1500        0.22074E-02   -0.13953    
210.0       -0.1000        0.25632E-02   -0.12442    
210.0       -0.5000E-01    0.29472E-02   -0.11166    
210.0         0.000        0.33596E-02   -0.10075    
210.0        0.5000E-01    0.38003E-02   -0.91315E-01
210.0        0.1000        0.42692E-02   -0.83071E-01
210.0        0.1500        0.47665E-02   -0.75796E-01
210.0        0.2000        0.52921E-02   -0.69317E-01
210.0        0.2500        0.58461E-02   -0.63497E-01
210.0        0.3000        0.64283E-02   -0.58226E-01
210.0        0.3500        0.70388E-02   -0.53412E-01
210.0        0.4000        0.76776E-02   -0.48983E-01
210.0        0.4500        0.83448E-02   -0.44873E-01
210.0        0.5000        0.90402E-02   -0.41029E-01
210.0        0.5500        0.97640E-02   -0.37402E-01
210.0        0.6000        0.10516E-01   -0.33948E-01
210.0        0.6500        0.11296E-01   -0.30625E-01
210.0        0.7000        0.12105E-01   -0.27387E-01
210.0        0.7500        0.12942E-01   -0.24184E-01
210.0        0.8000        0.13807E-01   -0.20953E-01
210.0        0.8500        0.14701E-01   -0.17600E-01
210.0        0.9000        0.15623E-01   -0.13954E-01
210.0        0.9500        0.16573E-01   -0.95923E-02
210.0         1.000        0.17552E-01     0.0000    
220.0        -1.000        0.63154E-03     0.0000    
220.0       -0.9500        0.47338E-03   -0.70925E-01
220.0       -0.9000        0.34664E-03   -0.15326    
220.0       -0.8500        0.25133E-03   -0.28555    
220.0       -0.8000        0.18745E-03   -0.48205    
220.0       -0.7500        0.15500E-03   -0.70396    
220.0       -0.7000        0.15396E-03   -0.83175    
220.0       -0.6500        0.18436E-03   -0.79835    
220.0       -0.6000        0.24618E-03   -0.67606    
220.0       -0.5500        0.33942E-03   -0.54722    
220.0       -0.5000        0.46409E-03   -0.44180    
220.0       -0.4500        0.62019E-03   -0.36159    
220.0       -0.4000        0.80771E-03   -0.30123    
220.0       -0.3500        0.10267E-02   -0.25533    
220.0       -0.3000        0.12770E-02   -0.21976    
220.0       -0.2500        0.15588E-02   -0.19165    
220.0       -0.2000        0.18721E-02   -0.16900    
220.0       -0.1500        0.22167E-02   -0.15043    
220.0       -0.1000        0.25928E-02   -0.13494    
220.0       -0.5000E-01    0.30003E-02   -0.12183    
220.0         0.000        0.34392E-02   -0.11059    
220.0        0.5000E-01    0.39096E-02   -0.10083    
220.0        0.1000        0.44113E-02   -0.92266E-01
220.0        0.1500        0.49445E-02   -0.84666E-01
220.0        0.2000        0.55092E-02   -0.77859E-01
220.0        0.2500        0.61052E-02   -0.71707E-01
220.0        0.3000        0.67327E-02   -0.66097E-01
220.0        0.3500        0.73916E-02   -0.60940E-01
220.0        0.4000        0.80819E-02   -0.56159E-01
220.0        0.4500        0.88037E-02   -0.51691E-01
220.0        0.5000        0.95569E-02   -0.47478E-01
220.0        0.5500        0.10341E-01   -0.43472E-01
220.0        0.6000        0.11157E-01   -0.39626E-01
220.0        0.6500        0.12005E-01   -0.35893E-01
220.0        0.7000        0.12884E-01   -0.32225E-01
220.0        0.7500        0.13794E-01   -0.28566E-01
220.0        0.8000        0.14736E-01   -0.24841E-01
220.0        0.8500        0.15709E-01   -0.20940E-01
220.0        0.9000        0.16714E-01   -0.16660E-01
220.0        0.9500        0.17750E-01   -0.11490E-01
220.0         1.000        0.18817E-01     0.0000    
230.0        -1.000        0.79722E-03     0.0000    
230.0       -0.9500        0.60438E-03   -0.15180E-01
230.0       -0.9000        0.44612E-03   -0.49105E-01
230.0       -0.8500        0.32244E-03   -0.11622    
230.0       -0.8000        0.23334E-03   -0.23660    
230.0       -0.7500        0.17881E-03   -0.41758    
230.0       -0.7000        0.15887E-03   -0.60131    
230.0       -0.6500        0.17350E-03   -0.67734    
230.0       -0.6000        0.22271E-03   -0.63048    
230.0       -0.5500        0.30650E-03   -0.53515    
230.0       -0.5000        0.42487E-03   -0.44288    
230.0       -0.4500        0.57782E-03   -0.36807    
230.0       -0.4000        0.76534E-03   -0.31019    
230.0       -0.3500        0.98745E-03   -0.26553    
230.0       -0.3000        0.12441E-02   -0.23063    
230.0       -0.2500        0.15354E-02   -0.20284    
230.0       -0.2000        0.18612E-02   -0.18032    
230.0       -0.1500        0.22216E-02   -0.16173    
230.0       -0.1000        0.26166E-02   -0.14613    
230.0       -0.5000E-01    0.30462E-02   -0.13284    
230.0         0.000        0.35104E-02   -0.12137    
230.0        0.5000E-01    0.40091E-02   -0.11134    
230.0        0.1000        0.45424E-02   -0.10247    
230.0        0.1500        0.51103E-02   -0.94543E-01
230.0        0.2000        0.57128E-02   -0.87393E-01
230.0        0.2500        0.63498E-02   -0.80882E-01
230.0        0.3000        0.70214E-02   -0.74901E-01
230.0        0.3500        0.77276E-02   -0.69360E-01
230.0        0.4000        0.84684E-02   -0.64185E-01
230.0        0.4500        0.92438E-02   -0.59312E-01
230.0        0.5000        0.10054E-01   -0.54683E-01
230.0        0.5500        0.10898E-01   -0.50248E-01
230.0        0.6000        0.11777E-01   -0.45957E-01
230.0        0.6500        0.12691E-01   -0.41763E-01
230.0        0.7000        0.13639E-01   -0.37611E-01
230.0        0.7500        0.14622E-01   -0.33438E-01
230.0        0.8000        0.15640E-01   -0.29160E-01
230.0        0.8500        0.16692E-01   -0.24647E-01
230.0        0.9000        0.17778E-01   -0.19660E-01
230.0        0.9500        0.18899E-01   -0.13593E-01
230.0         1.000        0.20055E-01     0.0000    
240.0        -1.000        0.98773E-03     0.0000    
240.0       -0.9500        0.75844E-03    0.27910E-01
240.0       -0.9000        0.56689E-03    0.30135E-01
240.0       -0.8500        0.41308E-03    0.13507E-01
240.0       -0.8000        0.29702E-03   -0.36378E-01
240.0       -0.7500        0.21870E-03   -0.14096    
240.0       -0.7000        0.17813E-03   -0.30153    
240.0       -0.6500        0.17529E-03   -0.45003    
240.0       -0.6000        0.21020E-03   -0.50393    
240.0       -0.5500        0.28286E-03   -0.47540    
240.0       -0.5000        0.39325E-03   -0.41756    
240.0       -0.4500        0.54139E-03   -0.35994    
240.0       -0.4000        0.72728E-03   -0.31103    
240.0       -0.3500        0.95090E-03   -0.27131    
240.0       -0.3000        0.12123E-02   -0.23923    
240.0       -0.2500        0.15114E-02   -0.21308    
240.0       -0.2000        0.18482E-02   -0.19149    
240.0       -0.1500        0.22228E-02   -0.17338    
240.0       -0.1000        0.26352E-02   -0.15798    
240.0       -0.5000E-01    0.30853E-02   -0.14470    
240.0         0.000        0.35731E-02   -0.13311    
240.0        0.5000E-01    0.40987E-02   -0.12286    
240.0        0.1000        0.46620E-02   -0.11372    
240.0        0.1500        0.52630E-02   -0.10546    
240.0        0.2000        0.59018E-02   -0.97951E-01
240.0        0.2500        0.65784E-02   -0.91051E-01
240.0        0.3000        0.72927E-02   -0.84660E-01
240.0        0.3500        0.80447E-02   -0.78693E-01
240.0        0.4000        0.88345E-02   -0.73078E-01
240.0        0.4500        0.96620E-02   -0.67750E-01
240.0        0.5000        0.10527E-01   -0.62654E-01
240.0        0.5500        0.11430E-01   -0.57738E-01
240.0        0.6000        0.12371E-01   -0.52950E-01
240.0        0.6500        0.13349E-01   -0.48240E-01
240.0        0.7000        0.14366E-01   -0.43548E-01
240.0        0.7500        0.15420E-01   -0.38804E-01
240.0        0.8000        0.16511E-01   -0.33911E-01
240.0        0.8500        0.17641E-01   -0.28721E-01
240.0        0.9000        0.18808E-01   -0.22953E-01
240.0        0.9500        0.20013E-01   -0.15899E-01
240.0         1.000        0.21256E-01     0.0000    
250.0        -1.000        0.12026E-02     0.0000    
250.0       -0.9500        0.93538E-03    0.61764E-01
250.0       -0.9000        0.70902E-03    0.90646E-01
250.0       -0.8500        0.52354E-03    0.11055    
250.0       -0.8000        0.37896E-03    0.11445    
250.0       -0.7500        0.27528E-03    0.83396E-01
250.0       -0.7000        0.21249E-03   -0.96456E-02
250.0       -0.6500        0.19060E-03   -0.16127    
250.0       -0.6000        0.20960E-03   -0.29781    
250.0       -0.5500        0.26950E-03   -0.35825    
250.0       -0.5000        0.37029E-03   -0.35826    
250.0       -0.4500        0.51198E-03   -0.33274    
250.0       -0.4000        0.69456E-03   -0.30131    
250.0       -0.3500        0.91804E-03   -0.27134    
250.0       -0.3000        0.11824E-02   -0.24485    
250.0       -0.2500        0.14877E-02   -0.22199    
250.0       -0.2000        0.18338E-02   -0.20231    
250.0       -0.1500        0.22209E-02   -0.18530    
250.0       -0.1000        0.26489E-02   -0.17046    
250.0       -0.5000E-01    0.31177E-02   -0.15742    
250.0         0.000        0.36274E-02   -0.14582    
250.0        0.5000E-01    0.41781E-02   -0.13543    
250.0        0.1000        0.47696E-02   -0.12603    
250.0        0.1500        0.54020E-02   -0.11744    
250.0        0.2000        0.60754E-02   -0.10955    
250.0        0.2500        0.67896E-02   -0.10223    
250.0        0.3000        0.75447E-02   -0.95390E-01
250.0        0.3500        0.83407E-02   -0.88952E-01
250.0        0.4000        0.91776E-02   -0.82847E-01
250.0        0.4500        0.10055E-01   -0.77014E-01
250.0        0.5000        0.10974E-01   -0.71399E-01
250.0        0.5500        0.11934E-01   -0.65948E-01
250.0        0.6000        0.12934E-01   -0.60609E-01
250.0        0.6500        0.13976E-01   -0.55327E-01
250.0        0.7000        0.15058E-01   -0.50038E-01
250.0        0.7500        0.16181E-01   -0.44664E-01
250.0        0.8000        0.17345E-01   -0.39097E-01
250.0        0.8500        0.18550E-01   -0.33163E-01
250.0        0.9000        0.19796E-01   -0.26542E-01
250.0        0.9500        0.21083E-01   -0.18409E-01
250.0         1.000        0.22410E-01     0.0000    
260.0        -1.000        0.14415E-02     0.0000    
260.0       -0.9500        0.11350E-02    0.88910E-01
260.0       -0.9000        0.87250E-03    0.13755    
260.0       -0.8500        0.65402E-03    0.18323    
260.0       -0.8000        0.47955E-03    0.22476    
260.0       -0.7500        0.34910E-03    0.24970    
260.0       -0.7000        0.26265E-03    0.22824    
260.0       -0.6500        0.22022E-03    0.12457    
260.0       -0.6000        0.22179E-03   -0.42377E-01
260.0       -0.5500        0.26738E-03   -0.18614    
260.0       -0.5000        0.35698E-03   -0.26065    
260.0       -0.4500        0.49059E-03   -0.28267    
260.0       -0.4000        0.66821E-03   -0.27862    
260.0       -0.3500        0.88984E-03   -0.26421    
260.0       -0.3000        0.11555E-02   -0.24670    
260.0       -0.2500        0.14651E-02   -0.22910    
260.0       -0.2000        0.18188E-02   -0.21253    
260.0       -0.1500        0.22165E-02   -0.19732    
260.0       -0.1000        0.26582E-02   -0.18349    
260.0       -0.5000E-01    0.31439E-02   -0.17093    
260.0         0.000        0.36736E-02   -0.15949    
260.0        0.5000E-01    0.42473E-02   -0.14903    
260.0        0.1000        0.48650E-02   -0.13940    
260.0        0.1500        0.55268E-02   -0.13049    
260.0        0.2000        0.62325E-02   -0.12220    
260.0        0.2500        0.69823E-02   -0.11442    
260.0        0.3000        0.77761E-02   -0.10709    
260.0        0.3500        0.86138E-02   -0.10014    
260.0        0.4000        0.94956E-02   -0.93496E-01
260.0        0.4500        0.10421E-01   -0.87107E-01
260.0        0.5000        0.11391E-01   -0.80919E-01
260.0        0.5500        0.12405E-01   -0.74879E-01
260.0        0.6000        0.13463E-01   -0.68934E-01
260.0        0.6500        0.14565E-01   -0.63024E-01
260.0        0.7000        0.15711E-01   -0.57082E-01
260.0        0.7500        0.16901E-01   -0.51019E-01
260.0        0.8000        0.18134E-01   -0.44714E-01
260.0        0.8500        0.19412E-01   -0.37972E-01
260.0        0.9000        0.20734E-01   -0.30423E-01
260.0        0.9500        0.22100E-01   -0.21122E-01
260.0         1.000        0.23510E-01     0.0000    
270.0        -1.000        0.17037E-02     0.0000    
270.0       -0.9500        0.13569E-02    0.11114    
270.0       -0.9000        0.10573E-02    0.17462    
270.0       -0.8500        0.80464E-03    0.23838    
270.0       -0.8000        0.59910E-03    0.30516    
270.0       -0.7500        0.44062E-03    0.36820    
270.0       -0.7000        0.32921E-03    0.40316    
270.0       -0.6500        0.26487E-03    0.36274    
270.0       -0.6000        0.24760E-03    0.21650    
270.0       -0.5500        0.27739E-03    0.22835E-01
270.0       -0.5000        0.35426E-03   -0.12672    
270.0       -0.4500        0.47820E-03   -0.20778    
270.0       -0.4000        0.64920E-03   -0.24096    
270.0       -0.3500        0.86727E-03   -0.24854    
270.0       -0.3000        0.11324E-02   -0.24390    
270.0       -0.2500        0.14446E-02   -0.23388    
270.0       -0.2000        0.18039E-02   -0.22181    
270.0       -0.1500        0.22103E-02   -0.20925    
270.0       -0.1000        0.26637E-02   -0.19694    
270.0       -0.5000E-01    0.31642E-02   -0.18517    
270.0         0.000        0.37117E-02   -0.17406    
270.0        0.5000E-01    0.43063E-02   -0.16362    
270.0        0.1000        0.49480E-02   -0.15381    
270.0        0.1500        0.56368E-02   -0.14459    
270.0        0.2000        0.63726E-02   -0.13588    
270.0        0.2500        0.71555E-02   -0.12762    
270.0        0.3000        0.79855E-02   -0.11977    
270.0        0.3500        0.88626E-02   -0.11225    
270.0        0.4000        0.97867E-02   -0.10502    
270.0        0.4500        0.10758E-01   -0.98025E-01
270.0        0.5000        0.11776E-01   -0.91212E-01
270.0        0.5500        0.12841E-01   -0.84529E-01
270.0        0.6000        0.13954E-01   -0.77922E-01
270.0        0.6500        0.15113E-01   -0.71328E-01
270.0        0.7000        0.16320E-01   -0.64675E-01
270.0        0.7500        0.17573E-01   -0.57865E-01
270.0        0.8000        0.18874E-01   -0.50762E-01
270.0        0.8500        0.20222E-01   -0.43145E-01
270.0        0.9000        0.21617E-01   -0.34596E-01
270.0        0.9500        0.23058E-01   -0.24038E-01
270.0         1.000        0.24547E-01     0.0000    
280.0        -1.000        0.19887E-02     0.0000    
280.0       -0.9500        0.16009E-02    0.12969    
280.0       -0.9000        0.12632E-02    0.20450    
280.0       -0.8500        0.97547E-03    0.28098    
280.0       -0.8000        0.73783E-03    0.36432    
280.0       -0.7500        0.55024E-03    0.45163    
280.0       -0.7000        0.41269E-03    0.52501    
280.0       -0.6500        0.32520E-03    0.54001    
280.0       -0.6000        0.28775E-03    0.44143    
280.0       -0.5500        0.30035E-03    0.24044    
280.0       -0.5000        0.36300E-03    0.33790E-01
280.0       -0.4500        0.47570E-03   -0.10915    
280.0       -0.4000        0.63845E-03   -0.18727    
280.0       -0.3500        0.85125E-03   -0.22312    
280.0       -0.3000        0.11141E-02   -0.23552    
280.0       -0.2500        0.14270E-02   -0.23570    
280.0       -0.2000        0.17899E-02   -0.22973    
280.0       -0.1500        0.22029E-02   -0.22081    
280.0       -0.1000        0.26660E-02   -0.21060    
280.0       -0.5000E-01    0.31791E-02   -0.20000    
280.0         0.000        0.37422E-02   -0.18944    
280.0        0.5000E-01    0.43554E-02   -0.17914    
280.0        0.1000        0.50186E-02   -0.16922    
280.0        0.1500        0.57319E-02   -0.15969    
280.0        0.2000        0.64952E-02   -0.15057    
280.0        0.2500        0.73086E-02   -0.14181    
280.0        0.3000        0.81721E-02   -0.13340    
280.0        0.3500        0.90855E-02   -0.12528    
280.0        0.4000        0.10049E-01   -0.11741    
280.0        0.4500        0.11063E-01   -0.10976    
280.0        0.5000        0.12126E-01   -0.10227    
280.0        0.5500        0.13240E-01   -0.94889E-01
280.0        0.6000        0.14404E-01   -0.87566E-01
280.0        0.6500        0.15617E-01   -0.80234E-01
280.0        0.7000        0.16881E-01   -0.72814E-01
280.0        0.7500        0.18195E-01   -0.65199E-01
280.0        0.8000        0.19559E-01   -0.57237E-01
280.0        0.8500        0.20973E-01   -0.48680E-01
280.0        0.9000        0.22437E-01   -0.39057E-01
280.0        0.9500        0.23951E-01   -0.27153E-01
280.0         1.000        0.25515E-01     0.0000    
290.0        -1.000        0.22958E-02     0.0000    
290.0       -0.9500        0.18664E-02    0.14546    
290.0       -0.9000        0.14900E-02    0.22905    
290.0       -0.8500        0.11665E-02    0.31453    
290.0       -0.8000        0.89591E-03    0.40852    
290.0       -0.7500        0.67827E-03    0.51052    
290.0       -0.7000        0.51356E-03    0.60773    
290.0       -0.6500        0.40178E-03    0.66304    
290.0       -0.6000        0.34293E-03    0.61602    
290.0       -0.5500        0.33701E-03    0.44007    
290.0       -0.5000        0.38402E-03    0.20542    
290.0       -0.4500        0.48396E-03    0.84978E-02
290.0       -0.4000        0.63684E-03   -0.11784    
290.0       -0.3500        0.84265E-03   -0.18717    
290.0       -0.3000        0.11014E-02   -0.22073    
290.0       -0.2500        0.14131E-02   -0.23389    
290.0       -0.2000        0.17777E-02   -0.23580    
290.0       -0.1500        0.21952E-02   -0.23164    
290.0       -0.1000        0.26657E-02   -0.22425    
290.0       -0.5000E-01    0.31891E-02   -0.21524    
290.0         0.000        0.37654E-02   -0.20549    
290.0        0.5000E-01    0.43946E-02   -0.19550    
290.0        0.1000        0.50768E-02   -0.18555    
290.0        0.1500        0.58120E-02   -0.17576    
290.0        0.2000        0.66000E-02   -0.16622    
290.0        0.2500        0.74410E-02   -0.15695    
290.0        0.3000        0.83349E-02   -0.14795    
290.0        0.3500        0.92818E-02   -0.13919    
290.0        0.4000        0.10282E-01   -0.13065    
290.0        0.4500        0.11334E-01   -0.12229    
290.0        0.5000        0.12440E-01   -0.11408    
290.0        0.5500        0.13598E-01   -0.10595    
290.0        0.6000        0.14810E-01   -0.97858E-01
290.0        0.6500        0.16074E-01   -0.89733E-01
290.0        0.7000        0.17392E-01   -0.81490E-01
290.0        0.7500        0.18762E-01   -0.73012E-01
290.0        0.8000        0.20185E-01   -0.64132E-01
290.0        0.8500        0.21661E-01   -0.54572E-01
290.0        0.9000        0.23191E-01   -0.43804E-01
290.0        0.9500        0.24773E-01   -0.30465E-01
290.0         1.000        0.26408E-01     0.0000    
300.0        -1.000        0.26244E-02     0.0000    
300.0       -0.9500        0.21531E-02    0.15906    
300.0       -0.9000        0.17375E-02    0.24958    
300.0       -0.8500        0.13776E-02    0.34144    
300.0       -0.8000        0.10734E-02    0.44213    
300.0       -0.7500        0.82496E-03    0.55249    
300.0       -0.7000        0.63217E-03    0.66328    
300.0       -0.6500        0.49509E-03    0.74480    
300.0       -0.6000        0.41370E-03    0.74122    
300.0       -0.5500        0.38802E-03    0.60564    
300.0       -0.5000        0.41803E-03    0.37178    
300.0       -0.4500        0.50375E-03    0.13745    
300.0       -0.4000        0.64516E-03   -0.34644E-01
300.0       -0.3500        0.84228E-03   -0.14048    
300.0       -0.3000        0.10951E-02   -0.19881    
300.0       -0.2500        0.14036E-02   -0.22775    
300.0       -0.2000        0.17678E-02   -0.23948    
300.0       -0.1500        0.21877E-02   -0.24133    
300.0       -0.1000        0.26634E-02   -0.23757    
300.0       -0.5000E-01    0.31947E-02   -0.23067    
300.0         0.000        0.37817E-02   -0.22206    
300.0        0.5000E-01    0.44244E-02   -0.21258    
300.0        0.1000        0.51228E-02   -0.20270    
300.0        0.1500        0.58769E-02   -0.19272    
300.0        0.2000        0.66867E-02   -0.18279    
300.0        0.2500        0.75523E-02   -0.17300    
300.0        0.3000        0.84735E-02   -0.16339    
300.0        0.3500        0.94504E-02   -0.15396    
300.0        0.4000        0.10483E-01   -0.14471    
300.0        0.4500        0.11571E-01   -0.13560    
300.0        0.5000        0.12715E-01   -0.12661    
300.0        0.5500        0.13915E-01   -0.11769    
300.0        0.6000        0.15170E-01   -0.10878    
300.0        0.6500        0.16482E-01   -0.99814E-01
300.0        0.7000        0.17848E-01   -0.90694E-01
300.0        0.7500        0.19271E-01   -0.81298E-01
300.0        0.8000        0.20749E-01   -0.71440E-01
300.0        0.8500        0.22283E-01   -0.60814E-01
300.0        0.9000        0.23873E-01   -0.48832E-01
300.0        0.9500        0.25518E-01   -0.33972E-01
300.0         1.000        0.27219E-01     0.0000    
310.0        -1.000        0.29737E-02     0.0000    
310.0       -0.9500        0.24603E-02    0.17094    
310.0       -0.9000        0.20054E-02    0.26699    
310.0       -0.8500        0.16087E-02    0.36340    
310.0       -0.8000        0.12704E-02    0.46813    
310.0       -0.7500        0.99044E-03    0.58275    
310.0       -0.7000        0.76881E-03    0.70043    
310.0       -0.6500        0.60552E-03    0.79753    
310.0       -0.6000        0.50056E-03    0.82611    
310.0       -0.5500        0.45395E-03    0.73284    
310.0       -0.5000        0.46568E-03    0.52028    
310.0       -0.4500        0.53574E-03    0.26869    
310.0       -0.4000        0.66415E-03    0.58819E-01
310.0       -0.3500        0.85089E-03   -0.83611E-01
310.0       -0.3000        0.10960E-02   -0.16931    
310.0       -0.2500        0.13994E-02   -0.21663    
310.0       -0.2000        0.17611E-02   -0.24015    
310.0       -0.1500        0.21812E-02   -0.24940    
310.0       -0.1000        0.26597E-02   -0.25020    
310.0       -0.5000E-01    0.31965E-02   -0.24602    
310.0         0.000        0.37916E-02   -0.23893    
310.0        0.5000E-01    0.44450E-02   -0.23020    
310.0        0.1000        0.51568E-02   -0.22055    
310.0        0.1500        0.59269E-02   -0.21046    
310.0        0.2000        0.67554E-02   -0.20018    
310.0        0.2500        0.76422E-02   -0.18989    
310.0        0.3000        0.85874E-02   -0.17967    
310.0        0.3500        0.95908E-02   -0.16955    
310.0        0.4000        0.10653E-01   -0.15955    
310.0        0.4500        0.11773E-01   -0.14967    
310.0        0.5000        0.12951E-01   -0.13986    
310.0        0.5500        0.14188E-01   -0.13010    
310.0        0.6000        0.15483E-01   -0.12032    
310.0        0.6500        0.16837E-01   -0.11046    
310.0        0.7000        0.18249E-01   -0.10041    
310.0        0.7500        0.19719E-01   -0.90046E-01
310.0        0.8000        0.21247E-01   -0.79155E-01
310.0        0.8500        0.22834E-01   -0.67401E-01
310.0        0.9000        0.24480E-01   -0.54135E-01
310.0        0.9500        0.26183E-01   -0.37670E-01
310.0         1.000        0.27945E-01     0.0000    
320.0        -1.000        0.33428E-02     0.0000    
320.0       -0.9500        0.27876E-02    0.18143    
320.0       -0.9000        0.22931E-02    0.28196    
320.0       -0.8500        0.18595E-02    0.38159    
320.0       -0.8000        0.14867E-02    0.48858    
320.0       -0.7500        0.11747E-02    0.60486    
320.0       -0.7000        0.92362E-03    0.72518    
320.0       -0.6500        0.73333E-03    0.83060    
320.0       -0.6000        0.60388E-03    0.88119    
320.0       -0.5500        0.53526E-03    0.82510    
320.0       -0.5000        0.52748E-03    0.64434    
320.0       -0.4500        0.58053E-03    0.39396    
320.0       -0.4000        0.69442E-03    0.15804    
320.0       -0.3500        0.86914E-03   -0.17909E-01
320.0       -0.3000        0.11047E-02   -0.13210    
320.0       -0.2500        0.14011E-02   -0.19995    
320.0       -0.2000        0.17583E-02   -0.23721    
320.0       -0.1500        0.21763E-02   -0.25533    
320.0       -0.1000        0.26552E-02   -0.26171    
320.0       -0.5000E-01    0.31950E-02   -0.26095    
320.0         0.000        0.37955E-02   -0.25586    
320.0        0.5000E-01    0.44569E-02   -0.24818    
320.0        0.1000        0.51791E-02   -0.23896    
320.0        0.1500        0.59622E-02   -0.22887    
320.0        0.2000        0.68061E-02   -0.21832    
320.0        0.2500        0.77108E-02   -0.20756    
320.0        0.3000        0.86764E-02   -0.19672    
320.0        0.3500        0.97028E-02   -0.18591    
320.0        0.4000        0.10790E-01   -0.17515    
320.0        0.4500        0.11938E-01   -0.16445    
320.0        0.5000        0.13147E-01   -0.15379    
320.0        0.5500        0.14417E-01   -0.14315    
320.0        0.6000        0.15747E-01   -0.13246    
320.0        0.6500        0.17139E-01   -0.12166    
320.0        0.7000        0.18591E-01   -0.11064    
320.0        0.7500        0.20104E-01   -0.99245E-01
320.0        0.8000        0.21678E-01   -0.87265E-01
320.0        0.8500        0.23313E-01   -0.74324E-01
320.0        0.9000        0.25008E-01   -0.59707E-01
320.0        0.9500        0.26765E-01   -0.41555E-01
320.0         1.000        0.28582E-01     0.0000    
330.0        -1.000        0.37310E-02     0.0000    
330.0       -0.9500        0.31340E-02    0.19077    
330.0       -0.9000        0.26002E-02    0.29497    
330.0       -0.8500        0.21295E-02    0.39687    
330.0       -0.8000        0.17221E-02    0.50491    
330.0       -0.7500        0.13778E-02    0.62120    
330.0       -0.7000        0.10966E-02    0.74157    
330.0       -0.6500        0.87867E-03    0.85063    
330.0       -0.6000        0.72389E-03    0.91543    
330.0       -0.5500        0.63228E-03    0.88913    
330.0       -0.5000        0.60385E-03    0.74281    
330.0       -0.4500        0.63858E-03    0.50727    
330.0       -0.4000        0.73649E-03    0.25826    
330.0       -0.3500        0.89758E-03    0.54614E-01
330.0       -0.3000        0.11218E-02   -0.87476E-01
330.0       -0.2500        0.14093E-02   -0.17731    
330.0       -0.2000        0.17599E-02   -0.23009    
330.0       -0.1500        0.21736E-02   -0.25857    
330.0       -0.1000        0.26506E-02   -0.27166    
330.0       -0.5000E-01    0.31907E-02   -0.27510    
330.0         0.000        0.37940E-02   -0.27256    
330.0        0.5000E-01    0.44605E-02   -0.26629    
330.0        0.1000        0.51901E-02   -0.25775    
330.0        0.1500        0.59829E-02   -0.24782    
330.0        0.2000        0.68389E-02   -0.23709    
330.0        0.2500        0.77581E-02   -0.22591    
330.0        0.3000        0.87404E-02   -0.21449    
330.0        0.3500        0.97859E-02   -0.20298    
330.0        0.4000        0.10895E-01   -0.19144    
330.0        0.4500        0.12066E-01   -0.17991    
330.0        0.5000        0.13302E-01   -0.16837    
330.0        0.5500        0.14600E-01   -0.15681    
330.0        0.6000        0.15961E-01   -0.14518    
330.0        0.6500        0.17386E-01   -0.13339    
330.0        0.7000        0.18873E-01   -0.12135    
330.0        0.7500        0.20424E-01   -0.10888    
330.0        0.8000        0.22038E-01   -0.95760E-01
330.0        0.8500        0.23716E-01   -0.81576E-01
330.0        0.9000        0.25456E-01   -0.65543E-01
330.0        0.9500        0.27260E-01   -0.45623E-01
330.0         1.000        0.29126E-01     0.0000    
340.0        -1.000        0.41371E-02     0.0000    
340.0       -0.9500        0.34988E-02    0.19915    
340.0       -0.9000        0.29259E-02    0.30637    
340.0       -0.8500        0.24183E-02    0.40985    
340.0       -0.8000        0.19761E-02    0.51814    
340.0       -0.7500        0.15992E-02    0.63342    
340.0       -0.7000        0.12877E-02    0.75230    
340.0       -0.6500        0.10415E-02    0.86208    
340.0       -0.6000        0.86067E-03    0.93555    
340.0       -0.5500        0.74517E-03    0.93191    
340.0       -0.5000        0.69502E-03    0.81802    
340.0       -0.4500        0.71022E-03    0.60544    
340.0       -0.4000        0.79076E-03    0.35524    
340.0       -0.3500        0.93665E-03    0.13151    
340.0       -0.3000        0.11479E-02   -0.36152E-01
340.0       -0.2500        0.14245E-02   -0.14852    
340.0       -0.2000        0.17664E-02   -0.21827    
340.0       -0.1500        0.21736E-02   -0.25858    
340.0       -0.1000        0.26463E-02   -0.27956    
340.0       -0.5000E-01    0.31842E-02   -0.28809    
340.0         0.000        0.37875E-02   -0.28871    
340.0        0.5000E-01    0.44562E-02   -0.28431    
340.0        0.1000        0.51902E-02   -0.27673    
340.0        0.1500        0.59895E-02   -0.26717    
340.0        0.2000        0.68542E-02   -0.25638    
340.0        0.2500        0.77842E-02   -0.24485    
340.0        0.3000        0.87796E-02   -0.23290    
340.0        0.3500        0.98403E-02   -0.22071    
340.0        0.4000        0.10966E-01   -0.20839    
340.0        0.4500        0.12158E-01   -0.19601    
340.0        0.5000        0.13415E-01   -0.18357    
340.0        0.5500        0.14737E-01   -0.17107    
340.0        0.6000        0.16124E-01   -0.15845    
340.0        0.6500        0.17577E-01   -0.14564    
340.0        0.7000        0.19095E-01   -0.13252    
340.0        0.7500        0.20679E-01   -0.11894    
340.0        0.8000        0.22327E-01   -0.10463    
340.0        0.8500        0.24042E-01   -0.89146E-01
340.0        0.9000        0.25821E-01   -0.71635E-01
340.0        0.9500        0.27666E-01   -0.49869E-01
340.0         1.000        0.29576E-01     0.0000    
350.0        -1.000        0.45598E-02     0.0000    
350.0       -0.9500        0.38809E-02    0.20670    
350.0       -0.9000        0.32693E-02    0.31644    
350.0       -0.8500        0.27251E-02    0.42098    
350.0       -0.8000        0.22482E-02    0.52898    
350.0       -0.7500        0.18387E-02    0.64266    
350.0       -0.7000        0.14965E-02    0.75918    
350.0       -0.6500        0.12216E-02    0.86792    
350.0       -0.6000        0.10141E-02    0.94631    
350.0       -0.5500        0.87394E-03    0.95941    
350.0       -0.5000        0.80110E-03    0.87383    
350.0       -0.4500        0.79561E-03    0.68771    
350.0       -0.4000        0.85745E-03    0.44578    
350.0       -0.3500        0.98664E-03    0.21022    
350.0       -0.3000        0.11832E-02    0.20784E-01
350.0       -0.2500        0.14470E-02   -0.11366    
350.0       -0.2000        0.17782E-02   -0.20138    
350.0       -0.1500        0.21768E-02   -0.25486    
350.0       -0.1000        0.26427E-02   -0.28493    
350.0       -0.5000E-01    0.31759E-02   -0.29951    
350.0         0.000        0.37765E-02   -0.30400    
350.0        0.5000E-01    0.44444E-02   -0.30195    
350.0        0.1000        0.51797E-02   -0.29569    
350.0        0.1500        0.59823E-02   -0.28673    
350.0        0.2000        0.68522E-02   -0.27605    
350.0        0.2500        0.77895E-02   -0.26429    
350.0        0.3000        0.87941E-02   -0.25186    
350.0        0.3500        0.98661E-02   -0.23903    
350.0        0.4000        0.11005E-01   -0.22595    
350.0        0.4500        0.12212E-01   -0.21271    
350.0        0.5000        0.13486E-01   -0.19935    
350.0        0.5500        0.14827E-01   -0.18588    
350.0        0.6000        0.16236E-01   -0.17224    
350.0        0.6500        0.17712E-01   -0.15838    
350.0        0.7000        0.19255E-01   -0.14416    
350.0        0.7500        0.20866E-01   -0.12941    
350.0        0.8000        0.22544E-01   -0.11386    
350.0        0.8500        0.24289E-01   -0.97028E-01
350.0        0.9000        0.26102E-01   -0.77978E-01
350.0        0.9500        0.27982E-01   -0.54289E-01
350.0         1.000        0.29930E-01     0.0000    
360.0        -1.000        0.49977E-02     0.0000    
360.0       -0.9500        0.42790E-02    0.21353    
360.0       -0.9000        0.36294E-02    0.32538    
360.0       -0.8500        0.30489E-02    0.43060    
360.0       -0.8000        0.25376E-02    0.53797    
360.0       -0.7500        0.20955E-02    0.64970    
360.0       -0.7000        0.17225E-02    0.76341    
360.0       -0.6500        0.14186E-02    0.87013    
360.0       -0.6000        0.11839E-02    0.95098    
360.0       -0.5500        0.10184E-02    0.97623    
360.0       -0.5000        0.92197E-03    0.91434    
360.0       -0.4500        0.89472E-03    0.75500    
360.0       -0.4000        0.93663E-03    0.52787    
360.0       -0.3500        0.10477E-02    0.28833    
360.0       -0.3000        0.12279E-02    0.81964E-01
360.0       -0.2500        0.14772E-02   -0.73064E-01
360.0       -0.2000        0.17958E-02   -0.17921    
360.0       -0.1500        0.21834E-02   -0.24698    
360.0       -0.1000        0.26402E-02   -0.28732    
360.0       -0.5000E-01    0.31662E-02   -0.30894    
360.0         0.000        0.37613E-02   -0.31807    
360.0        0.5000E-01    0.44256E-02   -0.31896    
360.0        0.1000        0.51590E-02   -0.31443    
360.0        0.1500        0.59615E-02   -0.30636    
360.0        0.2000        0.68332E-02   -0.29599    
360.0        0.2500        0.77741E-02   -0.28412    
360.0        0.3000        0.87841E-02   -0.27130    
360.0        0.3500        0.98633E-02   -0.25787    
360.0        0.4000        0.11012E-01   -0.24405    
360.0        0.4500        0.12229E-01   -0.22997    
360.0        0.5000        0.13516E-01   -0.21569    
360.0        0.5500        0.14871E-01   -0.20122    
360.0        0.6000        0.16296E-01   -0.18655    
360.0        0.6500        0.17790E-01   -0.17159    
360.0        0.7000        0.19354E-01   -0.15623    
360.0        0.7500        0.20986E-01   -0.14029    
360.0        0.8000        0.22688E-01   -0.12345    
360.0        0.8500        0.24458E-01   -0.10521    
360.0        0.9000        0.26298E-01   -0.84564E-01
360.0        0.9500        0.28207E-01   -0.58880E-01
360.0         1.000        0.30185E-01     0.0000    
370.0        -1.000        0.54491E-02     0.0000    
370.0       -0.9500        0.46914E-02    0.21973    
370.0       -0.9000        0.40046E-02    0.33335    
370.0       -0.8500        0.33885E-02    0.43897    
370.0       -0.8000        0.28431E-02    0.54547    
370.0       -0.7500        0.23686E-02    0.65510    
370.0       -0.7000        0.19648E-02    0.76584    
370.0       -0.6500        0.16318E-02    0.87002    
370.0       -0.6000        0.13695E-02    0.95174    
370.0       -0.5500        0.11780E-02    0.98574    
370.0       -0.5000        0.10573E-02    0.94322    
370.0       -0.4500        0.10073E-02    0.80910    
370.0       -0.4000        0.10282E-02    0.60063    
370.0       -0.3500        0.11197E-02    0.36385    
370.0       -0.3000        0.12821E-02    0.14587    
370.0       -0.2500        0.15152E-02   -0.27365E-01
370.0       -0.2000        0.18191E-02   -0.15173    
370.0       -0.1500        0.21937E-02   -0.23461    
370.0       -0.1000        0.26391E-02   -0.28632    
370.0       -0.5000E-01    0.31553E-02   -0.31600    
370.0         0.000        0.37423E-02   -0.33060    
370.0        0.5000E-01    0.44000E-02   -0.33505    
370.0        0.1000        0.51285E-02   -0.33272    
370.0        0.1500        0.59277E-02   -0.32588    
370.0        0.2000        0.67977E-02   -0.31604    
370.0        0.2500        0.77385E-02   -0.30424    
370.0        0.3000        0.87501E-02   -0.29113    
370.0        0.3500        0.98324E-02   -0.27717    
370.0        0.4000        0.10985E-01   -0.26265    
370.0        0.4500        0.12209E-01   -0.24774    
370.0        0.5000        0.13504E-01   -0.23253    
370.0        0.5500        0.14869E-01   -0.21707    
370.0        0.6000        0.16305E-01   -0.20134    
370.0        0.6500        0.17812E-01   -0.18527    
370.0        0.7000        0.19390E-01   -0.16873    
370.0        0.7500        0.21039E-01   -0.15155    
370.0        0.8000        0.22758E-01   -0.13338    
370.0        0.8500        0.24548E-01   -0.11369    
370.0        0.9000        0.26409E-01   -0.91390E-01
370.0        0.9500        0.28340E-01   -0.63637E-01
370.0         1.000        0.30342E-01     0.0000    
380.0        -1.000        0.59117E-02     0.0000    
380.0       -0.9500        0.51163E-02    0.22537    
380.0       -0.9000        0.43932E-02    0.34048    
380.0       -0.8500        0.37422E-02    0.44629    
380.0       -0.8000        0.31634E-02    0.55179    
380.0       -0.7500        0.26568E-02    0.65926    
380.0       -0.7000        0.22224E-02    0.76701    
380.0       -0.6500        0.18601E-02    0.86845    
380.0       -0.6000        0.15701E-02    0.95006    
380.0       -0.5500        0.13522E-02    0.99033    
380.0       -0.5000        0.12065E-02    0.96346    
380.0       -0.4500        0.11330E-02    0.85211    
380.0       -0.4000        0.11317E-02    0.66404    
380.0       -0.3500        0.12025E-02    0.43526    
380.0       -0.3000        0.13456E-02    0.21098    
380.0       -0.2500        0.15608E-02    0.22596E-01
380.0       -0.2000        0.18482E-02   -0.11914    
380.0       -0.1500        0.22078E-02   -0.21760    
380.0       -0.1000        0.26395E-02   -0.28161    
380.0       -0.5000E-01    0.31435E-02   -0.32033    
380.0         0.000        0.37196E-02   -0.34127    
380.0        0.5000E-01    0.43680E-02   -0.34997    
380.0        0.1000        0.50885E-02   -0.35035    
380.0        0.1500        0.58811E-02   -0.34511    
380.0        0.2000        0.67460E-02   -0.33609    
380.0        0.2500        0.76831E-02   -0.32454    
380.0        0.3000        0.86923E-02   -0.31128    
380.0        0.3500        0.97737E-02   -0.29688    
380.0        0.4000        0.10927E-01   -0.28171    
380.0        0.4500        0.12153E-01   -0.26599    
380.0        0.5000        0.13451E-01   -0.24987    
380.0        0.5500        0.14821E-01   -0.23341    
380.0        0.6000        0.16264E-01   -0.21660    
380.0        0.6500        0.17778E-01   -0.19939    
380.0        0.7000        0.19365E-01   -0.18165    
380.0        0.7500        0.21024E-01   -0.16319    
380.0        0.8000        0.22755E-01   -0.14365    
380.0        0.8500        0.24558E-01   -0.12247    
380.0        0.9000        0.26433E-01   -0.98452E-01
380.0        0.9500        0.28381E-01   -0.68559E-01
380.0         1.000        0.30401E-01     0.0000    
390.0        -1.000        0.63831E-02     0.0000    
390.0       -0.9500        0.55514E-02    0.23049    
390.0       -0.9000        0.47931E-02    0.34687    
390.0       -0.8500        0.41081E-02    0.45271    
390.0       -0.8000        0.34966E-02    0.55714    
390.0       -0.7500        0.29585E-02    0.66248    
390.0       -0.7000        0.24938E-02    0.76733    
390.0       -0.6500        0.21024E-02    0.86598    
390.0       -0.6000        0.17845E-02    0.94689    
390.0       -0.5500        0.15399E-02    0.99165    
390.0       -0.5000        0.13687E-02    0.97740    
390.0       -0.4500        0.12710E-02    0.88609    
390.0       -0.4000        0.12466E-02    0.71861    
390.0       -0.3500        0.12956E-02    0.50158    
390.0       -0.3000        0.14180E-02    0.27585    
390.0       -0.2500        0.16138E-02    0.75815E-01
390.0       -0.2000        0.18830E-02   -0.81861E-01
390.0       -0.1500        0.22255E-02   -0.19591    
390.0       -0.1000        0.26415E-02   -0.27297    
390.0       -0.5000E-01    0.31309E-02   -0.32167    
390.0         0.000        0.36936E-02   -0.34980    
390.0        0.5000E-01    0.43298E-02   -0.36347    
390.0        0.1000        0.50393E-02   -0.36713    
390.0        0.1500        0.58222E-02   -0.36392    
390.0        0.2000        0.66785E-02   -0.35602    
390.0        0.2500        0.76082E-02   -0.34494    
390.0        0.3000        0.86114E-02   -0.33168    
390.0        0.3500        0.96878E-02   -0.31694    
390.0        0.4000        0.10838E-01   -0.30118    
390.0        0.4500        0.12061E-01   -0.28470    
390.0        0.5000        0.13358E-01   -0.26769    
390.0        0.5500        0.14728E-01   -0.25022    
390.0        0.6000        0.16171E-01   -0.23232    
390.0        0.6500        0.17688E-01   -0.21395    
390.0        0.7000        0.19278E-01   -0.19498    
390.0        0.7500        0.20942E-01   -0.17520    
390.0        0.8000        0.22679E-01   -0.15426    
390.0        0.8500        0.24489E-01   -0.13153    
390.0        0.9000        0.26373E-01   -0.10575    
390.0        0.9500        0.28330E-01   -0.73646E-01
390.0         1.000        0.30361E-01     0.0000    
400.0        -1.000        0.68603E-02     0.0000    
400.0       -0.9500        0.59938E-02    0.23516    
400.0       -0.9000        0.52017E-02    0.35260    
400.0       -0.8500        0.44840E-02    0.45836    
400.0       -0.8000        0.38406E-02    0.56168    
400.0       -0.7500        0.32717E-02    0.66495    
400.0       -0.7000        0.27772E-02    0.76704    
400.0       -0.6500        0.23570E-02    0.86299    
400.0       -0.6000        0.20112E-02    0.94287    
400.0       -0.5500        0.17398E-02    0.99085    
400.0       -0.5000        0.15429E-02    0.98676    
400.0       -0.4500        0.14202E-02    0.91281    
400.0       -0.4000        0.13720E-02    0.76518    
400.0       -0.3500        0.13982E-02    0.56227    
400.0       -0.3000        0.14988E-02    0.33926    
400.0       -0.2500        0.16737E-02    0.13120    
400.0       -0.2000        0.19230E-02   -0.40476E-01
400.0       -0.1500        0.22468E-02   -0.16971    
400.0       -0.1000        0.26449E-02   -0.26029    
400.0       -0.5000E-01    0.31174E-02   -0.31978    
400.0         0.000        0.36643E-02   -0.35597    
400.0        0.5000E-01    0.42855E-02   -0.37535    
400.0        0.1000        0.49812E-02   -0.38288    
400.0        0.1500        0.57513E-02   -0.38216    
400.0        0.2000        0.65957E-02   -0.37573    
400.0        0.2500        0.75145E-02   -0.36536    
400.0        0.3000        0.85078E-02   -0.35227    
400.0        0.3500        0.95754E-02   -0.33731    
400.0        0.4000        0.10717E-01   -0.32105    
400.0        0.4500        0.11934E-01   -0.30385    
400.0        0.5000        0.13225E-01   -0.28596    
400.0        0.5500        0.14590E-01   -0.26749    
400.0        0.6000        0.16029E-01   -0.24850    
400.0        0.6500        0.17543E-01   -0.22895    
400.0        0.7000        0.19131E-01   -0.20872    
400.0        0.7500        0.20794E-01   -0.18760    
400.0        0.8000        0.22531E-01   -0.16521    
400.0        0.8500        0.24343E-01   -0.14088    
400.0        0.9000        0.26229E-01   -0.11328    
400.0        0.9500        0.28189E-01   -0.78899E-01
400.0         1.000        0.30224E-01     0.0000    
410.0        -1.000        0.73400E-02     0.0000    
410.0       -0.9500        0.64404E-02    0.23941    
410.0       -0.9000        0.56161E-02    0.35775    
410.0       -0.8500        0.48669E-02    0.46334    
410.0       -0.8000        0.41929E-02    0.56554    
410.0       -0.7500        0.35941E-02    0.66685    
410.0       -0.7000        0.30704E-02    0.76634    
410.0       -0.6500        0.26219E-02    0.85972    
410.0       -0.6000        0.22486E-02    0.93840    
410.0       -0.5500        0.19504E-02    0.98869    
410.0       -0.5000        0.17274E-02    0.99282    
410.0       -0.4500        0.15796E-02    0.93379    
410.0       -0.4000        0.15069E-02    0.80469    
410.0       -0.3500        0.15094E-02    0.61715    
410.0       -0.3000        0.15871E-02    0.40019    
410.0       -0.2500        0.17400E-02    0.18764    
410.0       -0.2000        0.19680E-02    0.42635E-02
410.0       -0.1500        0.22711E-02   -0.13933    
410.0       -0.1000        0.26495E-02   -0.24361    
410.0       -0.5000E-01    0.31030E-02   -0.31457    
410.0         0.000        0.36316E-02   -0.35960    
410.0        0.5000E-01    0.42355E-02   -0.38544    
410.0        0.1000        0.49145E-02   -0.39747    
410.0        0.1500        0.56687E-02   -0.39973    
410.0        0.2000        0.64980E-02   -0.39513    
410.0        0.2500        0.74025E-02   -0.38574    
410.0        0.3000        0.83822E-02   -0.37302    
410.0        0.3500        0.94370E-02   -0.35798    
410.0        0.4000        0.10567E-01   -0.34130    
410.0        0.4500        0.11772E-01   -0.32343    
410.0        0.5000        0.13053E-01   -0.30469    
410.0        0.5500        0.14408E-01   -0.28524    
410.0        0.6000        0.15839E-01   -0.26515    
410.0        0.6500        0.17345E-01   -0.24440    
410.0        0.7000        0.18926E-01   -0.22289    
410.0        0.7500        0.20582E-01   -0.20039    
410.0        0.8000        0.22313E-01   -0.17651    
410.0        0.8500        0.24120E-01   -0.15054    
410.0        0.9000        0.26001E-01   -0.12106    
410.0        0.9500        0.27958E-01   -0.84321E-01
410.0         1.000        0.29990E-01     0.0000    
420.0        -1.000        0.78182E-02     0.0000    
420.0       -0.9500        0.68877E-02    0.24327    
420.0       -0.9000        0.60329E-02    0.36238    
420.0       -0.8500        0.52539E-02    0.46772    
420.0       -0.8000        0.45505E-02    0.56883    
420.0       -0.7500        0.39229E-02    0.66827    
420.0       -0.7000        0.33711E-02    0.76535    
420.0       -0.6500        0.28949E-02    0.85633    
420.0       -0.6000        0.24945E-02    0.93373    
420.0       -0.5500        0.21697E-02    0.98567    
420.0       -0.5000        0.19208E-02    0.99648    
420.0       -0.4500        0.17475E-02    0.95022    
420.0       -0.4000        0.16500E-02    0.83807    
420.0       -0.3500        0.16281E-02    0.66629    
420.0       -0.3000        0.16820E-02    0.45789    
420.0       -0.2500        0.18117E-02    0.24408    
420.0       -0.2000        0.20170E-02    0.51504E-01
420.0       -0.1500        0.22981E-02   -0.10525    
420.0       -0.1000        0.26549E-02   -0.22311    
420.0       -0.5000E-01    0.30875E-02   -0.30602    
420.0         0.000        0.35957E-02   -0.36062    
420.0        0.5000E-01    0.41797E-02   -0.39364    
420.0        0.1000        0.48394E-02   -0.41080    
420.0        0.1500        0.55748E-02   -0.41654    
420.0        0.2000        0.63860E-02   -0.41416    
420.0        0.2500        0.72728E-02   -0.40606    
420.0        0.3000        0.82354E-02   -0.39392    
420.0        0.3500        0.92738E-02   -0.37893    
420.0        0.4000        0.10388E-01   -0.36193    
420.0        0.4500        0.11578E-01   -0.34346    
420.0        0.5000        0.12843E-01   -0.32390    
420.0        0.5500        0.14184E-01   -0.30347    
420.0        0.6000        0.15601E-01   -0.28227    
420.0        0.6500        0.17094E-01   -0.26031    
420.0        0.7000        0.18662E-01   -0.23749    
420.0        0.7500        0.20306E-01   -0.21357    
420.0        0.8000        0.22026E-01   -0.18816    
420.0        0.8500        0.23822E-01   -0.16050    
420.0        0.9000        0.25693E-01   -0.12909    
420.0        0.9500        0.27640E-01   -0.89918E-01
420.0         1.000        0.29663E-01     0.0000    
430.0        -1.000        0.82908E-02     0.0000    
430.0       -0.9500        0.73316E-02    0.24678    
430.0       -0.9000        0.64484E-02    0.36653    
430.0       -0.8500        0.56412E-02    0.47158    
430.0       -0.8000        0.49101E-02    0.57162    
430.0       -0.7500        0.42551E-02    0.66931    
430.0       -0.7000        0.36761E-02    0.76416    
430.0       -0.6500        0.31732E-02    0.85290    
430.0       -0.6000        0.27463E-02    0.92902    
430.0       -0.5500        0.23955E-02    0.98213    
430.0       -0.5000        0.21208E-02    0.99838    
430.0       -0.4500        0.19221E-02    0.96303    
430.0       -0.4000        0.17995E-02    0.86616    
430.0       -0.3500        0.17529E-02    0.70992    
430.0       -0.3000        0.17823E-02    0.51180    
430.0       -0.2500        0.18879E-02    0.29957    
430.0       -0.2000        0.20695E-02    0.10034    
430.0       -0.1500        0.23271E-02   -0.68078E-01
430.0       -0.1000        0.26608E-02   -0.19909    
430.0       -0.5000E-01    0.30706E-02   -0.29423    
430.0         0.000        0.35564E-02   -0.35900    
430.0        0.5000E-01    0.41182E-02   -0.39989    
430.0        0.1000        0.47562E-02   -0.42281    
430.0        0.1500        0.54701E-02   -0.43256    
430.0        0.2000        0.62602E-02   -0.43282    
430.0        0.2500        0.71263E-02   -0.42630    
430.0        0.3000        0.80684E-02   -0.41496    
430.0        0.3500        0.90866E-02   -0.40019    
430.0        0.4000        0.10181E-01   -0.38296    
430.0        0.4500        0.11351E-01   -0.36396    
430.0        0.5000        0.12598E-01   -0.34362    
430.0        0.5500        0.13920E-01   -0.32222    
430.0        0.6000        0.15318E-01   -0.29991    
430.0        0.6500        0.16793E-01   -0.27672    
430.0        0.7000        0.18344E-01   -0.25255    
430.0        0.7500        0.19970E-01   -0.22718    
430.0        0.8000        0.21673E-01   -0.20019    
430.0        0.8500        0.23452E-01   -0.17079    
430.0        0.9000        0.25307E-01   -0.13738    
430.0        0.9500        0.27237E-01   -0.95700E-01
430.0         1.000        0.29244E-01     0.0000    
440.0        -1.000        0.87530E-02     0.0000    
440.0       -0.9500        0.77675E-02    0.24997    
440.0       -0.9000        0.68581E-02    0.37025    
440.0       -0.8500        0.60250E-02    0.47498    
440.0       -0.8000        0.52680E-02    0.57399    
440.0       -0.7500        0.45871E-02    0.67003    
440.0       -0.7000        0.39824E-02    0.76281    
440.0       -0.6500        0.34539E-02    0.84949    
440.0       -0.6000        0.30015E-02    0.92434    
440.0       -0.5500        0.26253E-02    0.97826    
440.0       -0.5000        0.23252E-02    0.99898    
440.0       -0.4500        0.21013E-02    0.97292    
440.0       -0.4000        0.19536E-02    0.88969    
440.0       -0.3500        0.18820E-02    0.74836    
440.0       -0.3000        0.18866E-02    0.56158    
440.0       -0.2500        0.19674E-02    0.35325    
440.0       -0.2000        0.21243E-02    0.14984    
440.0       -0.1500        0.23574E-02   -0.28527E-01
440.0       -0.1000        0.26666E-02   -0.17198    
440.0       -0.5000E-01    0.30520E-02   -0.27940    
440.0         0.000        0.35135E-02   -0.35483    
440.0        0.5000E-01    0.40512E-02   -0.40420    
440.0        0.1000        0.46651E-02   -0.43349    
440.0        0.1500        0.53551E-02   -0.44778    
440.0        0.2000        0.61213E-02   -0.45110    
440.0        0.2500        0.69637E-02   -0.44648    
440.0        0.3000        0.78822E-02   -0.43618    
440.0        0.3500        0.88769E-02   -0.42178    
440.0        0.4000        0.99477E-02   -0.40445    
440.0        0.4500        0.11095E-01   -0.38497    
440.0        0.5000        0.12318E-01   -0.36388    
440.0        0.5500        0.13617E-01   -0.34153    
440.0        0.6000        0.14993E-01   -0.31810    
440.0        0.6500        0.16444E-01   -0.29365    
440.0        0.7000        0.17972E-01   -0.26811    
440.0        0.7500        0.19576E-01   -0.24125    
440.0        0.8000        0.21256E-01   -0.21263    
440.0        0.8500        0.23012E-01   -0.18143    
440.0        0.9000        0.24845E-01   -0.14595    
440.0        0.9500        0.26753E-01   -0.10168    
440.0         1.000        0.28738E-01     0.0000    
450.0        -1.000        0.91997E-02     0.0000    
450.0       -0.9500        0.81907E-02    0.25286    
450.0       -0.9000        0.72578E-02    0.37358    
450.0       -0.8500        0.64009E-02    0.47796    
450.0       -0.8000        0.56200E-02    0.57597    
450.0       -0.7500        0.49152E-02    0.67047    
450.0       -0.7000        0.42864E-02    0.76133    
450.0       -0.6500        0.37336E-02    0.84610    
450.0       -0.6000        0.32569E-02    0.91972    
450.0       -0.5500        0.28562E-02    0.97419    
450.0       -0.5000        0.25316E-02    0.99857    
450.0       -0.4500        0.22830E-02    0.98042    
450.0       -0.4000        0.21104E-02    0.90928    
450.0       -0.3500        0.20139E-02    0.78196    
450.0       -0.3000        0.19934E-02    0.60702    
450.0       -0.2500        0.20489E-02    0.40442    
450.0       -0.2000        0.21805E-02    0.19913    
450.0       -0.1500        0.23881E-02    0.12625E-01
450.0       -0.1000        0.26717E-02   -0.14232    
450.0       -0.5000E-01    0.30314E-02   -0.26187    
450.0         0.000        0.34671E-02   -0.34826    
450.0        0.5000E-01    0.39788E-02   -0.40667    
450.0        0.1000        0.45666E-02   -0.44291    
450.0        0.1500        0.52304E-02   -0.46225    
450.0        0.2000        0.59702E-02   -0.46905    
450.0        0.2500        0.67861E-02   -0.46667    
450.0        0.3000        0.76780E-02   -0.45763    
450.0        0.3500        0.86460E-02   -0.44378    
450.0        0.4000        0.96900E-02   -0.42645    
450.0        0.4500        0.10810E-01   -0.40656    
450.0        0.5000        0.12006E-01   -0.38475    
450.0        0.5500        0.13278E-01   -0.36145    
450.0        0.6000        0.14626E-01   -0.33689    
450.0        0.6500        0.16050E-01   -0.31116    
450.0        0.7000        0.17551E-01   -0.28420    
450.0        0.7500        0.19127E-01   -0.25581    
450.0        0.8000        0.20779E-01   -0.22551    
450.0        0.8500        0.22507E-01   -0.19245    
450.0        0.9000        0.24312E-01   -0.15482    
450.0        0.9500        0.26192E-01   -0.10786    
450.0         1.000        0.28149E-01     0.0000    
460.0        -1.000        0.96255E-02     0.0000    
460.0       -0.9500        0.85961E-02    0.25548    
460.0       -0.9000        0.76424E-02    0.37656    
460.0       -0.8500        0.67644E-02    0.48056    
460.0       -0.8000        0.59620E-02    0.57762    
460.0       -0.7500        0.52353E-02    0.67067    
460.0       -0.7000        0.45843E-02    0.75975    
460.0       -0.6500        0.40090E-02    0.84274    
460.0       -0.6000        0.35094E-02    0.91518    
460.0       -0.5500        0.30855E-02    0.96995    
460.0       -0.5000        0.27372E-02    0.99732    
460.0       -0.4500        0.24646E-02    0.98591    
460.0       -0.4000        0.22677E-02    0.92541    
460.0       -0.3500        0.21465E-02    0.81105    
460.0       -0.3000        0.21009E-02    0.64803    
460.0       -0.2500        0.21310E-02    0.45251    
460.0       -0.2000        0.22369E-02    0.24736    
460.0       -0.1500        0.24183E-02    0.54565E-01
460.0       -0.1000        0.26755E-02   -0.11074    
460.0       -0.5000E-01    0.30084E-02   -0.24203    
460.0         0.000        0.34169E-02   -0.33957    
460.0        0.5000E-01    0.39011E-02   -0.40745    
460.0        0.1000        0.44610E-02   -0.45115    
460.0        0.1500        0.50966E-02   -0.47605    
460.0        0.2000        0.58079E-02   -0.48674    
460.0        0.2500        0.65948E-02   -0.48692    
460.0        0.3000        0.74574E-02   -0.47940    
460.0        0.3500        0.83957E-02   -0.46627    
460.0        0.4000        0.94097E-02   -0.44904    
460.0        0.4500        0.10499E-01   -0.42880    
460.0        0.5000        0.11665E-01   -0.40631    
460.0        0.5500        0.12906E-01   -0.38206    
460.0        0.6000        0.14222E-01   -0.35635    
460.0        0.6500        0.15615E-01   -0.32931    
460.0        0.7000        0.17083E-01   -0.30090    
460.0        0.7500        0.18627E-01   -0.27091    
460.0        0.8000        0.20246E-01   -0.23887    
460.0        0.8500        0.21941E-01   -0.20387    
460.0        0.9000        0.23712E-01   -0.16402    
460.0        0.9500        0.25558E-01   -0.11428    
460.0         1.000        0.27481E-01     0.0000    
470.0        -1.000        0.10025E-01     0.0000    
470.0       -0.9500        0.89785E-02    0.25785    
470.0       -0.9000        0.80071E-02    0.37921    
470.0       -0.8500        0.71108E-02    0.48283    
470.0       -0.8000        0.62895E-02    0.57896    
470.0       -0.7500        0.55434E-02    0.67064    
470.0       -0.7000        0.48724E-02    0.75807    
470.0       -0.6500        0.42764E-02    0.83939    
470.0       -0.6000        0.37556E-02    0.91067    
470.0       -0.5500        0.33098E-02    0.96557    
470.0       -0.5000        0.29392E-02    0.99537    
470.0       -0.4500        0.26436E-02    0.98966    
470.0       -0.4000        0.24232E-02    0.93846    
470.0       -0.3500        0.22778E-02    0.83595    
470.0       -0.3000        0.22075E-02    0.68459    
470.0       -0.2500        0.22124E-02    0.49707    
470.0       -0.2000        0.22923E-02    0.29376    
470.0       -0.1500        0.24473E-02    0.96476E-01
470.0       -0.1000        0.26775E-02   -0.77914E-01
470.0       -0.5000E-01    0.29827E-02   -0.22038    
470.0         0.000        0.33630E-02   -0.32905    
470.0        0.5000E-01    0.38184E-02   -0.40675    
470.0        0.1000        0.43489E-02   -0.45839    
470.0        0.1500        0.49546E-02   -0.48931    
470.0        0.2000        0.56353E-02   -0.50431    
470.0        0.2500        0.63911E-02   -0.50737    
470.0        0.3000        0.72220E-02   -0.50160    
470.0        0.3500        0.81280E-02   -0.48934    
470.0        0.4000        0.91091E-02   -0.47233    
470.0        0.4500        0.10165E-01   -0.45181    
470.0        0.5000        0.11297E-01   -0.42865    
470.0        0.5500        0.12503E-01   -0.40345    
470.0        0.6000        0.13784E-01   -0.37656    
470.0        0.6500        0.15141E-01   -0.34816    
470.0        0.7000        0.16573E-01   -0.31824    
470.0        0.7500        0.18079E-01   -0.28660    
470.0        0.8000        0.19661E-01   -0.25275    
470.0        0.8500        0.21318E-01   -0.21574    
470.0        0.9000        0.23050E-01   -0.17358    
470.0        0.9500        0.24858E-01   -0.12094    
470.0         1.000        0.26740E-01     0.0000    
480.0        -1.000        0.10393E-01     0.0000    
480.0       -0.9500        0.93326E-02    0.26000    
480.0       -0.9000        0.83468E-02    0.38157    
480.0       -0.8500        0.74353E-02    0.48479    
480.0       -0.8000        0.65981E-02    0.58002    
480.0       -0.7500        0.58351E-02    0.67040    
480.0       -0.7000        0.51465E-02    0.75627    
480.0       -0.6500        0.45321E-02    0.83602    
480.0       -0.6000        0.39920E-02    0.90615    
480.0       -0.5500        0.35262E-02    0.96101    
480.0       -0.5000        0.31347E-02    0.99274    
480.0       -0.4500        0.28175E-02    0.99183    
480.0       -0.4000        0.25746E-02    0.94873    
480.0       -0.3500        0.24059E-02    0.85693    
480.0       -0.3000        0.23116E-02    0.71672    
480.0       -0.2500        0.22915E-02    0.53771    
480.0       -0.2000        0.23457E-02    0.33767    
480.0       -0.1500        0.24742E-02    0.13756    
480.0       -0.1000        0.26770E-02   -0.44570E-01
480.0       -0.5000E-01    0.29541E-02   -0.19747    
480.0         0.000        0.33054E-02   -0.31713    
480.0        0.5000E-01    0.37311E-02   -0.40485    
480.0        0.1000        0.42310E-02   -0.46482    
480.0        0.1500        0.48052E-02   -0.50219    
480.0        0.2000        0.54537E-02   -0.52188    
480.0        0.2500        0.61765E-02   -0.52814    
480.0        0.3000        0.69736E-02   -0.52436    
480.0        0.3500        0.78450E-02   -0.51314    
480.0        0.4000        0.87906E-02   -0.49644    
480.0        0.4500        0.98106E-02   -0.47568    
480.0        0.5000        0.10905E-01   -0.45187    
480.0        0.5500        0.12073E-01   -0.42570    
480.0        0.6000        0.13316E-01   -0.39760    
480.0        0.6500        0.14633E-01   -0.36780    
480.0        0.7000        0.16025E-01   -0.33631    
480.0        0.7500        0.17490E-01   -0.30294    
480.0        0.8000        0.19030E-01   -0.26720    
480.0        0.8500        0.20644E-01   -0.22810    
480.0        0.9000        0.22333E-01   -0.18353    
480.0        0.9500        0.24096E-01   -0.12787    
480.0         1.000        0.25933E-01     0.0000    
490.0        -1.000        0.10723E-01     0.0000    
490.0       -0.9500        0.96532E-02    0.26193    
490.0       -0.9000        0.86567E-02    0.38366    
490.0       -0.8500        0.77333E-02    0.48646    
490.0       -0.8000        0.68832E-02    0.58082    
490.0       -0.7500        0.61064E-02    0.66996    
490.0       -0.7000        0.54028E-02    0.75434    
490.0       -0.6500        0.47725E-02    0.83259    
490.0       -0.6000        0.42154E-02    0.90158    
490.0       -0.5500        0.37316E-02    0.95622    
490.0       -0.5000        0.33210E-02    0.98946    
490.0       -0.4500        0.29837E-02    0.99255    
490.0       -0.4000        0.27197E-02    0.95643    
490.0       -0.3500        0.25288E-02    0.87418    
490.0       -0.3000        0.24113E-02    0.74447    
490.0       -0.2500        0.23670E-02    0.57419    
490.0       -0.2000        0.23959E-02    0.37848    
490.0       -0.1500        0.24982E-02    0.17706    
490.0       -0.1000        0.26736E-02   -0.11443E-01
490.0       -0.5000E-01    0.29223E-02   -0.17392    
490.0         0.000        0.32443E-02   -0.30423    
490.0        0.5000E-01    0.36395E-02   -0.40207    
490.0        0.1000        0.41080E-02   -0.47068    
490.0        0.1500        0.46497E-02   -0.51488    
490.0        0.2000        0.52647E-02   -0.53963    
490.0        0.2500        0.59529E-02   -0.54939    
490.0        0.3000        0.67144E-02   -0.54781    
490.0        0.3500        0.75492E-02   -0.53779    
490.0        0.4000        0.84572E-02   -0.52150    
490.0        0.4500        0.94384E-02   -0.50055    
490.0        0.5000        0.10493E-01   -0.47609    
490.0        0.5500        0.11621E-01   -0.44893    
490.0        0.6000        0.12822E-01   -0.41958    
490.0        0.6500        0.14096E-01   -0.38831    
490.0        0.7000        0.15443E-01   -0.35519    
490.0        0.7500        0.16864E-01   -0.32001    
490.0        0.8000        0.18358E-01   -0.28229    
490.0        0.8500        0.19926E-01   -0.24099    
490.0        0.9000        0.21566E-01   -0.19390    
490.0        0.9500        0.23280E-01   -0.13509    
490.0         1.000        0.25067E-01     0.0000    
500.0        -1.000        0.11011E-01     0.0000    
500.0       -0.9500        0.99355E-02    0.26367    
500.0       -0.9000        0.89320E-02    0.38551    
500.0       -0.8500        0.80004E-02    0.48786    
500.0       -0.8000        0.71408E-02    0.58137    
500.0       -0.7500        0.63533E-02    0.66930    
500.0       -0.7000        0.56377E-02    0.75226    
500.0       -0.6500        0.49941E-02    0.82905    
500.0       -0.6000        0.44226E-02    0.89687    
500.0       -0.5500        0.39230E-02    0.95115    
500.0       -0.5000        0.34954E-02    0.98548    
500.0       -0.4500        0.31399E-02    0.99185    
500.0       -0.4000        0.28563E-02    0.96168    
500.0       -0.3500        0.26448E-02    0.88789    
500.0       -0.3000        0.25052E-02    0.76788    
500.0       -0.2500        0.24377E-02    0.60626    
500.0       -0.2000        0.24421E-02    0.41568    
500.0       -0.1500        0.25186E-02    0.21427    
500.0       -0.1000        0.26670E-02    0.20737E-01
500.0       -0.5000E-01    0.28875E-02   -0.15035    
500.0         0.000        0.31799E-02   -0.29086    
500.0        0.5000E-01    0.35444E-02   -0.39877    
500.0        0.1000        0.39809E-02   -0.47624    
500.0        0.1500        0.44893E-02   -0.52760    
500.0        0.2000        0.50698E-02   -0.55773    
500.0        0.2500        0.57223E-02   -0.57127    
500.0        0.3000        0.64467E-02   -0.57212    
500.0        0.3500        0.72432E-02   -0.56344    
500.0        0.4000        0.81117E-02   -0.54764    
500.0        0.4500        0.90522E-02   -0.52653    
500.0        0.5000        0.10065E-01   -0.50143    
500.0        0.5500        0.11149E-01   -0.47324    
500.0        0.6000        0.12306E-01   -0.44259    
500.0        0.6500        0.13534E-01   -0.40979    
500.0        0.7000        0.14835E-01   -0.37494    
500.0        0.7500        0.16207E-01   -0.33786    
500.0        0.8000        0.17652E-01   -0.29807    
500.0        0.8500        0.19168E-01   -0.25446    
500.0        0.9000        0.20757E-01   -0.20474    
500.0        0.9500        0.22417E-01   -0.14263    
500.0         1.000        0.24150E-01     0.0000    
510.0        -1.000        0.11252E-01     0.0000    
510.0       -0.9500        0.10175E-01    0.26523    
510.0       -0.9000        0.91685E-02    0.38712    
510.0       -0.8500        0.82325E-02    0.48901    
510.0       -0.8000        0.73670E-02    0.58166    
510.0       -0.7500        0.65721E-02    0.66843    
510.0       -0.7000        0.58477E-02    0.74998    
510.0       -0.6500        0.51938E-02    0.82533    
510.0       -0.6000        0.46105E-02    0.89195    
510.0       -0.5500        0.40978E-02    0.94570    
510.0       -0.5000        0.36555E-02    0.98075    
510.0       -0.4500        0.32838E-02    0.98973    
510.0       -0.4000        0.29827E-02    0.96457    
510.0       -0.3500        0.27520E-02    0.89817    
510.0       -0.3000        0.25919E-02    0.78699    
510.0       -0.2500        0.25024E-02    0.63377    
510.0       -0.2000        0.24834E-02    0.44883    
510.0       -0.1500        0.25349E-02    0.24855    
510.0       -0.1000        0.26570E-02    0.51265E-01
510.0       -0.5000E-01    0.28496E-02   -0.12739    
510.0         0.000        0.31128E-02   -0.27751    
510.0        0.5000E-01    0.34465E-02   -0.39532    
510.0        0.1000        0.38507E-02   -0.48178    
510.0        0.1500        0.43255E-02   -0.54055    
510.0        0.2000        0.48708E-02   -0.57637    
510.0        0.2500        0.54866E-02   -0.59394    
510.0        0.3000        0.61730E-02   -0.59742    
510.0        0.3500        0.69299E-02   -0.59022    
510.0        0.4000        0.77574E-02   -0.57499    
510.0        0.4500        0.86554E-02   -0.55375    
510.0        0.5000        0.96239E-02   -0.52799    
510.0        0.5500        0.10663E-01   -0.49874    
510.0        0.6000        0.11773E-01   -0.46672    
510.0        0.6500        0.12953E-01   -0.43230    
510.0        0.7000        0.14203E-01   -0.39564    
510.0        0.7500        0.15525E-01   -0.35657    
510.0        0.8000        0.16916E-01   -0.31459    
510.0        0.8500        0.18379E-01   -0.26856    
510.0        0.9000        0.19912E-01   -0.21607    
510.0        0.9500        0.21515E-01   -0.15051    
510.0         1.000        0.23189E-01     0.0000    
520.0        -1.000        0.11442E-01     0.0000    
520.0       -0.9500        0.10368E-01    0.26663    
520.0       -0.9000        0.93626E-02    0.38851    
520.0       -0.8500        0.84261E-02    0.48992    
520.0       -0.8000        0.75585E-02    0.58171    
520.0       -0.7500        0.67598E-02    0.66731    
520.0       -0.7000        0.60299E-02    0.74748    
520.0       -0.6500        0.53689E-02    0.82139    
520.0       -0.6000        0.47768E-02    0.88674    
520.0       -0.5500        0.42536E-02    0.93978    
520.0       -0.5000        0.37992E-02    0.97518    
520.0       -0.4500        0.34137E-02    0.98616    
520.0       -0.4000        0.30971E-02    0.96513    
520.0       -0.3500        0.28493E-02    0.90508    
520.0       -0.3000        0.26704E-02    0.80183    
520.0       -0.2500        0.25604E-02    0.65659    
520.0       -0.2000        0.25193E-02    0.47756    
520.0       -0.1500        0.25470E-02    0.27931    
520.0       -0.1000        0.26436E-02    0.79486E-01
520.0       -0.5000E-01    0.28091E-02   -0.10566    
520.0         0.000        0.30434E-02   -0.26468    
520.0        0.5000E-01    0.33466E-02   -0.39211    
520.0        0.1000        0.37187E-02   -0.48756    
520.0        0.1500        0.41597E-02   -0.55394    
520.0        0.2000        0.46695E-02   -0.59569    
520.0        0.2500        0.52482E-02   -0.61754    
520.0        0.3000        0.58958E-02   -0.62384    
520.0        0.3500        0.66123E-02   -0.61824    
520.0        0.4000        0.73976E-02   -0.60366    
520.0        0.4500        0.82518E-02   -0.58232    
520.0        0.5000        0.91749E-02   -0.55588    
520.0        0.5500        0.10167E-01   -0.52553    
520.0        0.6000        0.11228E-01   -0.49206    
520.0        0.6500        0.12357E-01   -0.45595    
520.0        0.7000        0.13556E-01   -0.41737    
520.0        0.7500        0.14823E-01   -0.37620    
520.0        0.8000        0.16160E-01   -0.33191    
520.0        0.8500        0.17565E-01   -0.28334    
520.0        0.9000        0.19039E-01   -0.22794    
520.0        0.9500        0.20582E-01   -0.15876    
520.0         1.000        0.22194E-01     0.0000    
530.0        -1.000        0.11578E-01     0.0000    
530.0       -0.9500        0.10511E-01    0.26787    
530.0       -0.9000        0.95114E-02    0.38969    
530.0       -0.8500        0.85785E-02    0.49059    
530.0       -0.8000        0.77126E-02    0.58151    
530.0       -0.7500        0.69138E-02    0.66593    
530.0       -0.7000        0.61820E-02    0.74471    
530.0       -0.6500        0.55172E-02    0.81713    
530.0       -0.6000        0.49194E-02    0.88113    
530.0       -0.5500        0.43886E-02    0.93328    
530.0       -0.5000        0.39248E-02    0.96867    
530.0       -0.4500        0.35280E-02    0.98106    
530.0       -0.4000        0.31983E-02    0.96333    
530.0       -0.3500        0.29355E-02    0.90866    
530.0       -0.3000        0.27398E-02    0.81242    
530.0       -0.2500        0.26111E-02    0.67459    
530.0       -0.2000        0.25494E-02    0.50156    
530.0       -0.1500        0.25547E-02    0.30607    
530.0       -0.1000        0.26270E-02    0.10481    
530.0       -0.5000E-01    0.27663E-02   -0.85728E-01
530.0         0.000        0.29726E-02   -0.25284    
530.0        0.5000E-01    0.32460E-02   -0.38946    
530.0        0.1000        0.35864E-02   -0.49381    
530.0        0.1500        0.39937E-02   -0.56792    
530.0        0.2000        0.44681E-02   -0.61581    
530.0        0.2500        0.50095E-02   -0.64216    
530.0        0.3000        0.56179E-02   -0.65146    
530.0        0.3500        0.62933E-02   -0.64759    
530.0        0.4000        0.70358E-02   -0.63372    
530.0        0.4500        0.78452E-02   -0.61230    
530.0        0.5000        0.87217E-02   -0.58517    
530.0        0.5500        0.96651E-02   -0.55366    
530.0        0.6000        0.10676E-01   -0.51868    
530.0        0.6500        0.11753E-01   -0.48078    
530.0        0.7000        0.12898E-01   -0.44018    
530.0        0.7500        0.14109E-01   -0.39679    
530.0        0.8000        0.15388E-01   -0.35008    
530.0        0.8500        0.16733E-01   -0.29883    
530.0        0.9000        0.18146E-01   -0.24037    
530.0        0.9500        0.19625E-01   -0.16739    
530.0         1.000        0.21172E-01     0.0000    
540.0        -1.000        0.11658E-01     0.0000    
540.0       -0.9500        0.10603E-01    0.26897    
540.0       -0.9000        0.96127E-02    0.39066    
540.0       -0.8500        0.86876E-02    0.49101    
540.0       -0.8000        0.78275E-02    0.58102    
540.0       -0.7500        0.70324E-02    0.66425    
540.0       -0.7000        0.63022E-02    0.74160    
540.0       -0.6500        0.56370E-02    0.81249    
540.0       -0.6000        0.50367E-02    0.87503    
540.0       -0.5500        0.45015E-02    0.92607    
540.0       -0.5000        0.40312E-02    0.96110    
540.0       -0.4500        0.36258E-02    0.97435    
540.0       -0.4000        0.32855E-02    0.95915    
540.0       -0.3500        0.30101E-02    0.90891    
540.0       -0.3000        0.27997E-02    0.81875    
540.0       -0.2500        0.26542E-02    0.68772    
540.0       -0.2000        0.25737E-02    0.52060    
540.0       -0.1500        0.25582E-02    0.32843    
540.0       -0.1000        0.26076E-02    0.12672    
540.0       -0.5000E-01    0.27221E-02   -0.68100E-01
540.0         0.000        0.29014E-02   -0.24240    
540.0        0.5000E-01    0.31458E-02   -0.38766    
540.0        0.1000        0.34551E-02   -0.50071    
540.0        0.1500        0.38294E-02   -0.58257    
540.0        0.2000        0.42687E-02   -0.63675    
540.0        0.2500        0.47729E-02   -0.66779    
540.0        0.3000        0.53421E-02   -0.68027    
540.0        0.3500        0.59762E-02   -0.67827    
540.0        0.4000        0.66754E-02   -0.66520    
540.0        0.4500        0.74395E-02   -0.64373    
540.0        0.5000        0.82685E-02   -0.61589    
540.0        0.5500        0.91626E-02   -0.58318    
540.0        0.6000        0.10122E-01   -0.54661    
540.0        0.6500        0.11146E-01   -0.50683    
540.0        0.7000        0.12235E-01   -0.46412    
540.0        0.7500        0.13388E-01   -0.41839    
540.0        0.8000        0.14607E-01   -0.36913    
540.0        0.8500        0.15891E-01   -0.31506    
540.0        0.9000        0.17240E-01   -0.25339    
540.0        0.9500        0.18654E-01   -0.17643    
540.0         1.000        0.20133E-01     0.0000    
550.0        -1.000        0.11680E-01     0.0000    
550.0       -0.9500        0.10641E-01    0.26992    
550.0       -0.9000        0.96656E-02    0.39144    
550.0       -0.8500        0.87525E-02    0.49118    
550.0       -0.8000        0.79021E-02    0.58025    
550.0       -0.7500        0.71145E-02    0.66223    
550.0       -0.7000        0.63896E-02    0.73810    
550.0       -0.6500        0.57275E-02    0.80737    
550.0       -0.6000        0.51281E-02    0.86832    
550.0       -0.5500        0.45916E-02    0.91802    
550.0       -0.5000        0.41177E-02    0.95234    
550.0       -0.4500        0.37066E-02    0.96592    
550.0       -0.4000        0.33583E-02    0.95251    
550.0       -0.3500        0.30727E-02    0.90581    
550.0       -0.3000        0.28499E-02    0.82084    
550.0       -0.2500        0.26898E-02    0.69592    
550.0       -0.2000        0.25925E-02    0.53452    
550.0       -0.1500        0.25580E-02    0.34608    
550.0       -0.1000        0.25862E-02    0.14482    
550.0       -0.5000E-01    0.26772E-02   -0.53175E-01
550.0         0.000        0.28309E-02   -0.23367    
550.0        0.5000E-01    0.30474E-02   -0.38689    
550.0        0.1000        0.33266E-02   -0.50830    
550.0        0.1500        0.36686E-02   -0.59786    
550.0        0.2000        0.40733E-02   -0.65844    
550.0        0.2500        0.45408E-02   -0.69435    
550.0        0.3000        0.50711E-02   -0.71018    
550.0        0.3500        0.56641E-02   -0.71020    
550.0        0.4000        0.63198E-02   -0.69802    
550.0        0.4500        0.70383E-02   -0.67655    
550.0        0.5000        0.78196E-02   -0.64801    
550.0        0.5500        0.86636E-02   -0.61407    
550.0        0.6000        0.95704E-02   -0.57586    
550.0        0.6500        0.10540E-01   -0.53412    
550.0        0.7000        0.11572E-01   -0.48919    
550.0        0.7500        0.12667E-01   -0.44101    
550.0        0.8000        0.13825E-01   -0.38907    
550.0        0.8500        0.15046E-01   -0.33205    
550.0        0.9000        0.16329E-01   -0.26702    
550.0        0.9500        0.17675E-01   -0.18588    
550.0         1.000        0.19084E-01    -0.0000    
560.0        -1.000        0.11645E-01     0.0000    
560.0       -0.9500        0.10628E-01    0.27072    
560.0       -0.9000        0.96701E-02    0.39199    
560.0       -0.8500        0.87730E-02    0.49108    
560.0       -0.8000        0.79364E-02    0.57914    
560.0       -0.7500        0.71601E-02    0.65981    
560.0       -0.7000        0.64442E-02    0.73413    
560.0       -0.6500        0.57886E-02    0.80168    
560.0       -0.6000        0.51935E-02    0.86087    
560.0       -0.5500        0.46588E-02    0.90902    
560.0       -0.5000        0.41844E-02    0.94227    
560.0       -0.4500        0.37704E-02    0.95565    
560.0       -0.4000        0.34169E-02    0.94335    
560.0       -0.3500        0.31237E-02    0.89936    
560.0       -0.3000        0.28909E-02    0.81870    
560.0       -0.2500        0.27185E-02    0.69921    
560.0       -0.2000        0.26064E-02    0.54326    
560.0       -0.1500        0.25548E-02    0.35883    
560.0       -0.1000        0.25635E-02    0.15885    
560.0       -0.5000E-01    0.26327E-02   -0.41223E-01
560.0         0.000        0.27622E-02   -0.22685    
560.0        0.5000E-01    0.29521E-02   -0.38722    
560.0        0.1000        0.32024E-02   -0.51653    
560.0        0.1500        0.35131E-02   -0.61363    
560.0        0.2000        0.38842E-02   -0.68067    
560.0        0.2500        0.43156E-02   -0.72160    
560.0        0.3000        0.48075E-02   -0.74097    
560.0        0.3500        0.53597E-02   -0.74317    
560.0        0.4000        0.59724E-02   -0.73202    
560.0        0.4500        0.66454E-02   -0.71063    
560.0        0.5000        0.73788E-02   -0.68143    
560.0        0.5500        0.81726E-02   -0.64625    
560.0        0.6000        0.90268E-02   -0.60636    
560.0        0.6500        0.99413E-02   -0.56260    
560.0        0.7000        0.10916E-01   -0.51536    
560.0        0.7500        0.11952E-01   -0.46464    
560.0        0.8000        0.13047E-01   -0.40990    
560.0        0.8500        0.14204E-01   -0.34980    
560.0        0.9000        0.15420E-01   -0.28125    
560.0        0.9500        0.16697E-01   -0.19575    
560.0         1.000        0.18034E-01    -0.0000    
570.0        -1.000        0.11555E-01     0.0000    
570.0       -0.9500        0.10562E-01    0.27138    
570.0       -0.9000        0.96275E-02    0.39233    
570.0       -0.8500        0.87504E-02    0.49068    
570.0       -0.8000        0.79313E-02    0.57767    
570.0       -0.7500        0.71700E-02    0.65695    
570.0       -0.7000        0.64666E-02    0.72962    
570.0       -0.6500        0.58211E-02    0.79531    
570.0       -0.6000        0.52335E-02    0.85257    
570.0       -0.5500        0.47037E-02    0.89891    
570.0       -0.5000        0.42319E-02    0.93074    
570.0       -0.4500        0.38179E-02    0.94345    
570.0       -0.4000        0.34618E-02    0.93160    
570.0       -0.3500        0.31635E-02    0.88953    
570.0       -0.3000        0.29232E-02    0.81238    
570.0       -0.2500        0.27408E-02    0.69764    
570.0       -0.2000        0.26162E-02    0.54682    
570.0       -0.1500        0.25495E-02    0.36663    
570.0       -0.1000        0.25407E-02    0.16870    
570.0       -0.5000E-01    0.25897E-02   -0.32358E-01
570.0         0.000        0.26967E-02   -0.22196    
570.0        0.5000E-01    0.28615E-02   -0.38855    
570.0        0.1000        0.30842E-02   -0.52516    
570.0        0.1500        0.33648E-02   -0.62954    
570.0        0.2000        0.37033E-02   -0.70303    
570.0        0.2500        0.40997E-02   -0.74912    
570.0        0.3000        0.45539E-02   -0.77224    
570.0        0.3500        0.50661E-02   -0.77683    
570.0        0.4000        0.56361E-02   -0.76688    
570.0        0.4500        0.62640E-02   -0.74570    
570.0        0.5000        0.69497E-02   -0.71593    
570.0        0.5500        0.76934E-02   -0.67955    
570.0        0.6000        0.84949E-02   -0.63798    
570.0        0.6500        0.93544E-02   -0.59216    
570.0        0.7000        0.10272E-01   -0.54257    
570.0        0.7500        0.11247E-01   -0.48922    
570.0        0.8000        0.12280E-01   -0.43159    
570.0        0.8500        0.13371E-01   -0.36829    
570.0        0.9000        0.14520E-01   -0.29608    
570.0        0.9500        0.15726E-01   -0.20604    
570.0         1.000        0.16991E-01    -0.0000    
580.0        -1.000        0.11412E-01     0.0000    
580.0       -0.9500        0.10449E-01    0.27189    
580.0       -0.9000        0.95400E-02    0.39242    
580.0       -0.8500        0.86868E-02    0.48996    
580.0       -0.8000        0.78888E-02    0.57578    
580.0       -0.7500        0.71460E-02    0.65358    
580.0       -0.7000        0.64586E-02    0.72447    
580.0       -0.6500        0.58263E-02    0.78816    
580.0       -0.6000        0.52494E-02    0.84330    
580.0       -0.5500        0.47277E-02    0.88757    
580.0       -0.5000        0.42612E-02    0.91763    
580.0       -0.4500        0.38500E-02    0.92920    
580.0       -0.4000        0.34940E-02    0.91722    
580.0       -0.3500        0.31934E-02    0.87637    
580.0       -0.3000        0.29479E-02    0.80198    
580.0       -0.2500        0.27577E-02    0.69136    
580.0       -0.2000        0.26228E-02    0.54538    
580.0       -0.1500        0.25431E-02    0.36960    
580.0       -0.1000        0.25187E-02    0.17441    
580.0       -0.5000E-01    0.25496E-02   -0.26515E-01
580.0         0.000        0.26357E-02   -0.21888    
580.0        0.5000E-01    0.27770E-02   -0.39061    
580.0        0.1000        0.29736E-02   -0.53379    
580.0        0.1500        0.32255E-02   -0.64507    
580.0        0.2000        0.35326E-02   -0.72492    
580.0        0.2500        0.38950E-02   -0.77631    
580.0        0.3000        0.43126E-02   -0.80341    
580.0        0.3500        0.47855E-02   -0.81065    
580.0        0.4000        0.53137E-02   -0.80213    
580.0        0.4500        0.58971E-02   -0.78137    
580.0        0.5000        0.65357E-02   -0.75117    
580.0        0.5500        0.72296E-02   -0.71369    
580.0        0.6000        0.79788E-02   -0.67051    
580.0        0.6500        0.87832E-02   -0.62265    
580.0        0.7000        0.96429E-02   -0.57068    
580.0        0.7500        0.10558E-01   -0.51466    
580.0        0.8000        0.11528E-01   -0.45406    
580.0        0.8500        0.12553E-01   -0.38746    
580.0        0.9000        0.13634E-01   -0.31147    
580.0        0.9500        0.14770E-01   -0.21673    
580.0         1.000        0.15961E-01    -0.0000    
590.0        -1.000        0.11221E-01     0.0000    
590.0       -0.9500        0.10290E-01    0.27222    
590.0       -0.9000        0.94111E-02    0.39225    
590.0       -0.8500        0.85851E-02    0.48887    
590.0       -0.8000        0.78117E-02    0.57342    
590.0       -0.7500        0.70908E-02    0.64962    
590.0       -0.7000        0.64224E-02    0.71859    
590.0       -0.6500        0.58065E-02    0.78012    
590.0       -0.6000        0.52432E-02    0.83295    
590.0       -0.5500        0.47324E-02    0.87489    
590.0       -0.5000        0.42741E-02    0.90285    
590.0       -0.4500        0.38683E-02    0.91285    
590.0       -0.4000        0.35151E-02    0.90020    
590.0       -0.3500        0.32144E-02    0.85995    
590.0       -0.3000        0.29662E-02    0.78767    
590.0       -0.2500        0.27706E-02    0.68063    
590.0       -0.2000        0.26275E-02    0.53920    
590.0       -0.1500        0.25369E-02    0.36802    
590.0       -0.1000        0.24989E-02    0.17626    
590.0       -0.5000E-01    0.25134E-02   -0.23430E-01
590.0         0.000        0.25804E-02   -0.21726    
590.0        0.5000E-01    0.26999E-02   -0.39295    
590.0        0.1000        0.28720E-02   -0.54181    
590.0        0.1500        0.30965E-02   -0.65949    
590.0        0.2000        0.33737E-02   -0.74557    
590.0        0.2500        0.37033E-02   -0.80235    
590.0        0.3000        0.40855E-02   -0.83368    
590.0        0.3500        0.45202E-02   -0.84388    
590.0        0.4000        0.50074E-02   -0.83713    
590.0        0.4500        0.55472E-02   -0.81707    
590.0        0.5000        0.61395E-02   -0.78668    
590.0        0.5500        0.67843E-02   -0.74830    
590.0        0.6000        0.74817E-02   -0.70362    
590.0        0.6500        0.82315E-02   -0.65380    
590.0        0.7000        0.90339E-02   -0.59949    
590.0        0.7500        0.98889E-02   -0.54080    
590.0        0.8000        0.10796E-01   -0.47721    
590.0        0.8500        0.11756E-01   -0.40724    
590.0        0.9000        0.12769E-01   -0.32738    
590.0        0.9500        0.13834E-01   -0.22779    
590.0         1.000        0.14951E-01    -0.0000    
600.0        -1.000        0.10985E-01     0.0000    
600.0       -0.9500        0.10090E-01    0.27237    
600.0       -0.9000        0.92451E-02    0.39178    
600.0       -0.8500        0.84495E-02    0.48738    
600.0       -0.8000        0.77036E-02    0.57054    
600.0       -0.7500        0.70074E-02    0.64499    
600.0       -0.7000        0.63610E-02    0.71191    
600.0       -0.6500        0.57643E-02    0.77110    
600.0       -0.6000        0.52173E-02    0.82140    
600.0       -0.5500        0.47201E-02    0.86077    
600.0       -0.5000        0.42725E-02    0.88633    
600.0       -0.4500        0.38747E-02    0.89438    
600.0       -0.4000        0.35266E-02    0.88061    
600.0       -0.3500        0.32282E-02    0.84044    
600.0       -0.3000        0.29796E-02    0.76974    
600.0       -0.2500        0.27807E-02    0.66582    
600.0       -0.2000        0.26315E-02    0.52873    
600.0       -0.1500        0.25320E-02    0.36234    
600.0       -0.1000        0.24822E-02    0.17470    
600.0       -0.5000E-01    0.24822E-02   -0.22650E-01
600.0         0.000        0.25318E-02   -0.21660    
600.0        0.5000E-01    0.26312E-02   -0.39495    
600.0        0.1000        0.27804E-02   -0.54846    
600.0        0.1500        0.29792E-02   -0.67193    
600.0        0.2000        0.32278E-02   -0.76399    
600.0        0.2500        0.35261E-02   -0.82624    
600.0        0.3000        0.38741E-02   -0.86208    
600.0        0.3500        0.42718E-02   -0.87564    
600.0        0.4000        0.47193E-02   -0.87107    
600.0        0.4500        0.52165E-02   -0.85210    
600.0        0.5000        0.57634E-02   -0.82187    
600.0        0.5500        0.63600E-02   -0.78285    
600.0        0.6000        0.70063E-02   -0.73690    
600.0        0.6500        0.77024E-02   -0.68529    
600.0        0.7000        0.84482E-02   -0.62874    
600.0        0.7500        0.92437E-02   -0.56744    
600.0        0.8000        0.10089E-01   -0.50087    
600.0        0.8500        0.10984E-01   -0.42752    
600.0        0.9000        0.11929E-01   -0.34372    
600.0        0.9500        0.12923E-01   -0.23917    
600.0         1.000        0.13967E-01    -0.0000    
610.0        -1.000        0.10713E-01     0.0000    
610.0       -0.9500        0.98563E-02    0.27231    
610.0       -0.9000        0.90469E-02    0.39098    
610.0       -0.8500        0.82844E-02    0.48543    
610.0       -0.8000        0.75688E-02    0.56706    
610.0       -0.7500        0.69000E-02    0.63964    
610.0       -0.7000        0.62780E-02    0.70433    
610.0       -0.6500        0.57029E-02    0.76101    
610.0       -0.6000        0.51747E-02    0.80859    
610.0       -0.5500        0.46934E-02    0.84517    
610.0       -0.5000        0.42588E-02    0.86805    
610.0       -0.4500        0.38712E-02    0.87385    
610.0       -0.4000        0.35304E-02    0.85860    
610.0       -0.3500        0.32365E-02    0.81811    
610.0       -0.3000        0.29894E-02    0.74857    
610.0       -0.2500        0.27892E-02    0.64744    
610.0       -0.2000        0.26358E-02    0.51458    
610.0       -0.1500        0.25293E-02    0.35319    
610.0       -0.1000        0.24697E-02    0.17035    
610.0       -0.5000E-01    0.24569E-02   -0.23548E-01
610.0         0.000        0.24910E-02   -0.21625    
610.0        0.5000E-01    0.25719E-02   -0.39587    
610.0        0.1000        0.26997E-02   -0.55289    
610.0        0.1500        0.28744E-02   -0.68137    
610.0        0.2000        0.30959E-02   -0.77908    
610.0        0.2500        0.33642E-02   -0.84684    
610.0        0.3000        0.36795E-02   -0.88749    
610.0        0.3500        0.40415E-02   -0.90485    
610.0        0.4000        0.44505E-02   -0.90296    
610.0        0.4500        0.49063E-02   -0.88559    
610.0        0.5000        0.54090E-02   -0.85597    
610.0        0.5500        0.59585E-02   -0.81672    
610.0        0.6000        0.65548E-02   -0.76983    
610.0        0.6500        0.71981E-02   -0.71668    
610.0        0.7000        0.78882E-02   -0.65810    
610.0        0.7500        0.86251E-02   -0.59432    
610.0        0.8000        0.94089E-02   -0.52486    
610.0        0.8500        0.10240E-01   -0.44816    
610.0        0.9000        0.11117E-01   -0.36041    
610.0        0.9500        0.12042E-01   -0.25083    
610.0         1.000        0.13013E-01    -0.0000    
620.0        -1.000        0.10409E-01     0.0000    
620.0       -0.9500        0.95934E-02    0.27201    
620.0       -0.9000        0.88222E-02    0.38980    
620.0       -0.8500        0.80950E-02    0.48297    
620.0       -0.8000        0.74117E-02    0.56294    
620.0       -0.7500        0.67724E-02    0.63349    
620.0       -0.7000        0.61771E-02    0.69581    
620.0       -0.6500        0.56257E-02    0.74981    
620.0       -0.6000        0.51183E-02    0.79449    
620.0       -0.5500        0.46549E-02    0.82807    
620.0       -0.5000        0.42354E-02    0.84808    
620.0       -0.4500        0.38598E-02    0.85139    
620.0       -0.4000        0.35283E-02    0.83440    
620.0       -0.3500        0.32407E-02    0.79331    
620.0       -0.3000        0.29970E-02    0.72466    
620.0       -0.2500        0.27973E-02    0.62614    
620.0       -0.2000        0.26416E-02    0.49748    
620.0       -0.1500        0.25298E-02    0.34138    
620.0       -0.1000        0.24620E-02    0.16399    
620.0       -0.5000E-01    0.24382E-02   -0.25374E-01
620.0         0.000        0.24583E-02   -0.21546    
620.0        0.5000E-01    0.25224E-02   -0.39493    
620.0        0.1000        0.26304E-02   -0.55421    
620.0        0.1500        0.27824E-02   -0.68681    
620.0        0.2000        0.29784E-02   -0.78973    
620.0        0.2500        0.32183E-02   -0.86296    
620.0        0.3000        0.35022E-02   -0.90869    
620.0        0.3500        0.38300E-02   -0.93034    
620.0        0.4000        0.42018E-02   -0.93172    
620.0        0.4500        0.46176E-02   -0.91656    
620.0        0.5000        0.50773E-02   -0.88815    
620.0        0.5500        0.55810E-02   -0.84919    
620.0        0.6000        0.61286E-02   -0.80180    
620.0        0.6500        0.67202E-02   -0.74749    
620.0        0.7000        0.73558E-02   -0.68716    
620.0        0.7500        0.80353E-02   -0.62113    
620.0        0.8000        0.87588E-02   -0.54894    
620.0        0.8500        0.95262E-02   -0.46899    
620.0        0.9000        0.10338E-01   -0.37733    
620.0        0.9500        0.11193E-01   -0.26269    
620.0         1.000        0.12092E-01    -0.0000    
630.0        -1.000        0.10080E-01     0.0000    
630.0       -0.9500        0.93079E-02    0.27146    
630.0       -0.9000        0.85766E-02    0.38822    
630.0       -0.8500        0.78864E-02    0.47996    
630.0       -0.8000        0.72373E-02    0.55813    
630.0       -0.7500        0.66292E-02    0.62650    
630.0       -0.7000        0.60621E-02    0.68629    
630.0       -0.6500        0.55361E-02    0.73747    
630.0       -0.6000        0.50512E-02    0.77911    
630.0       -0.5500        0.46073E-02    0.80956    
630.0       -0.5000        0.42044E-02    0.82655    
630.0       -0.4500        0.38426E-02    0.82724    
630.0       -0.4000        0.35219E-02    0.80836    
630.0       -0.3500        0.32422E-02    0.76653    
630.0       -0.3000        0.30036E-02    0.69866    
630.0       -0.2500        0.28060E-02    0.60268    
630.0       -0.2000        0.26495E-02    0.47829    
630.0       -0.1500        0.25340E-02    0.32779    
630.0       -0.1000        0.24596E-02    0.15651    
630.0       -0.5000E-01    0.24262E-02   -0.27314E-01
630.0         0.000        0.24339E-02   -0.21348    
630.0        0.5000E-01    0.24827E-02   -0.39136    
630.0        0.1000        0.25724E-02   -0.55158    
630.0        0.1500        0.27033E-02   -0.68732    
630.0        0.2000        0.28752E-02   -0.79487    
630.0        0.2500        0.30881E-02   -0.87344    
630.0        0.3000        0.33421E-02   -0.92450    
630.0        0.3500        0.36372E-02   -0.95093    
630.0        0.4000        0.39733E-02   -0.95623    
630.0        0.4500        0.43505E-02   -0.94399    
630.0        0.5000        0.47687E-02   -0.91747    
630.0        0.5500        0.52279E-02   -0.87945    
630.0        0.6000        0.57283E-02   -0.83214    
630.0        0.6500        0.62696E-02   -0.77715    
630.0        0.7000        0.68521E-02   -0.71548    
630.0        0.7500        0.74755E-02   -0.64751    
630.0        0.8000        0.81401E-02   -0.57282    
630.0        0.8500        0.88456E-02   -0.48980    
630.0        0.9000        0.95923E-02   -0.39434    
630.0        0.9500        0.10380E-01   -0.27468    
630.0         1.000        0.11209E-01    -0.0000    
640.0        -1.000        0.97343E-02     0.0000    
640.0       -0.9500        0.90060E-02    0.27062    
640.0       -0.9000        0.83158E-02    0.38619    
640.0       -0.8500        0.76638E-02    0.47636    
640.0       -0.8000        0.70499E-02    0.55258    
640.0       -0.7500        0.64742E-02    0.61864    
640.0       -0.7000        0.59366E-02    0.67579    
640.0       -0.6500        0.54373E-02    0.72403    
640.0       -0.6000        0.49760E-02    0.76252    
640.0       -0.5500        0.45529E-02    0.78976    
640.0       -0.5000        0.41680E-02    0.80368    
640.0       -0.4500        0.38213E-02    0.80170    
640.0       -0.4000        0.35127E-02    0.78093    
640.0       -0.3500        0.32422E-02    0.73836    
640.0       -0.3000        0.30099E-02    0.67129    
640.0       -0.2500        0.28158E-02    0.57790    
640.0       -0.2000        0.26598E-02    0.45794    
640.0       -0.1500        0.25420E-02    0.31336    
640.0       -0.1000        0.24624E-02    0.14879    
640.0       -0.5000E-01    0.24209E-02   -0.28568E-01
640.0         0.000        0.24175E-02   -0.20960    
640.0        0.5000E-01    0.24524E-02   -0.38453    
640.0        0.1000        0.25253E-02   -0.54437    
640.0        0.1500        0.26365E-02   -0.68217    
640.0        0.2000        0.27858E-02   -0.79367    
640.0        0.2500        0.29732E-02   -0.87733    
640.0        0.3000        0.31988E-02   -0.93386    
640.0        0.3500        0.34626E-02   -0.96553    
640.0        0.4000        0.37645E-02   -0.97541    
640.0        0.4500        0.41046E-02   -0.96685    
640.0        0.5000        0.44829E-02   -0.94301    
640.0        0.5500        0.48993E-02   -0.90669    
640.0        0.6000        0.53538E-02   -0.86014    
640.0        0.6500        0.58465E-02   -0.80507    
640.0        0.7000        0.63774E-02   -0.74257    
640.0        0.7500        0.69464E-02   -0.67308    
640.0        0.8000        0.75536E-02   -0.59623    
640.0        0.8500        0.81990E-02   -0.51038    
640.0        0.9000        0.88825E-02   -0.41129    
640.0        0.9500        0.96042E-02   -0.28671    
640.0         1.000        0.10364E-01    -0.0000    
650.0        -1.000        0.93772E-02     0.0000    
650.0       -0.9500        0.86934E-02    0.26947    
650.0       -0.9000        0.80449E-02    0.38370    
650.0       -0.8500        0.74317E-02    0.47216    
650.0       -0.8000        0.68539E-02    0.54630    
650.0       -0.7500        0.63113E-02    0.60994    
650.0       -0.7000        0.58040E-02    0.66434    
650.0       -0.6500        0.53320E-02    0.70957    
650.0       -0.6000        0.48953E-02    0.74487    
650.0       -0.5500        0.44939E-02    0.76890    
650.0       -0.5000        0.41278E-02    0.77977    
650.0       -0.4500        0.37970E-02    0.77521    
650.0       -0.4000        0.35016E-02    0.75264    
650.0       -0.3500        0.32414E-02    0.70945    
650.0       -0.3000        0.30165E-02    0.64331    
650.0       -0.2500        0.28269E-02    0.55268    
650.0       -0.2000        0.26726E-02    0.43735    
650.0       -0.1500        0.25536E-02    0.29903    
650.0       -0.1000        0.24699E-02    0.14169    
650.0       -0.5000E-01    0.24215E-02   -0.28422E-01
650.0         0.000        0.24084E-02   -0.20326    
650.0        0.5000E-01    0.24306E-02   -0.37399    
650.0        0.1000        0.24881E-02   -0.53217    
650.0        0.1500        0.25809E-02   -0.67092    
650.0        0.2000        0.27090E-02   -0.78558    
650.0        0.2500        0.28724E-02   -0.87394    
650.0        0.3000        0.30711E-02   -0.93597    
650.0        0.3500        0.33051E-02   -0.97325    
650.0        0.4000        0.35744E-02   -0.98834    
650.0        0.4500        0.38790E-02   -0.98423    
650.0        0.5000        0.42189E-02   -0.96391    
650.0        0.5500        0.45941E-02   -0.93011    
650.0        0.6000        0.50046E-02   -0.88511    
650.0        0.6500        0.54504E-02   -0.83066    
650.0        0.7000        0.59315E-02   -0.76793    
650.0        0.7500        0.64479E-02   -0.69744    
650.0        0.8000        0.69996E-02   -0.61885    
650.0        0.8500        0.75866E-02   -0.53050    
650.0        0.9000        0.82089E-02   -0.42803    
650.0        0.9500        0.88665E-02   -0.29869    
650.0         1.000        0.95594E-02    -0.0000    
660.0        -1.000        0.90146E-02     0.0000    
660.0       -0.9500        0.83754E-02    0.26801    
660.0       -0.9000        0.77687E-02    0.38074    
660.0       -0.8500        0.71945E-02    0.46735    
660.0       -0.8000        0.66528E-02    0.53931    
660.0       -0.7500        0.61436E-02    0.60043    
660.0       -0.7000        0.56668E-02    0.65204    
660.0       -0.6500        0.52226E-02    0.69423    
660.0       -0.6000        0.48109E-02    0.72638    
660.0       -0.5500        0.44317E-02    0.74726    
660.0       -0.5000        0.40850E-02    0.75522    
660.0       -0.4500        0.37708E-02    0.74824    
660.0       -0.4000        0.34891E-02    0.72408    
660.0       -0.3500        0.32399E-02    0.68050    
660.0       -0.3000        0.30231E-02    0.61552    
660.0       -0.2500        0.28389E-02    0.52787    
660.0       -0.2000        0.26872E-02    0.41742    
660.0       -0.1500        0.25680E-02    0.28564    
660.0       -0.1000        0.24813E-02    0.13593    
660.0       -0.5000E-01    0.24270E-02   -0.26309E-01
660.0         0.000        0.24053E-02   -0.19409    
660.0        0.5000E-01    0.24161E-02   -0.35954    
660.0        0.1000        0.24594E-02   -0.51489    
660.0        0.1500        0.25351E-02   -0.65348    
660.0        0.2000        0.26434E-02   -0.77042    
660.0        0.2500        0.27842E-02   -0.86297    
660.0        0.3000        0.29574E-02   -0.93037    
660.0        0.3500        0.31632E-02   -0.97350    
660.0        0.4000        0.34015E-02   -0.99431    
660.0        0.4500        0.36722E-02   -0.99538    
660.0        0.5000        0.39755E-02   -0.97942    
660.0        0.5500        0.43113E-02   -0.94901    
660.0        0.6000        0.46795E-02   -0.90640    
660.0        0.6500        0.50803E-02   -0.85335    
660.0        0.7000        0.55135E-02   -0.79111    
660.0        0.7500        0.59793E-02   -0.72022    
660.0        0.8000        0.64775E-02   -0.64039    
660.0        0.8500        0.70083E-02   -0.54995    
660.0        0.9000        0.75716E-02   -0.44440    
660.0        0.9500        0.81673E-02   -0.31053    
660.0         1.000        0.87956E-02    -0.0000    
670.0        -1.000        0.86513E-02     0.0000    
670.0       -0.9500        0.80562E-02    0.26622    
670.0       -0.9000        0.74908E-02    0.37731    
670.0       -0.8500        0.69553E-02    0.46197    
670.0       -0.8000        0.64495E-02    0.53167    
670.0       -0.7500        0.59735E-02    0.59023    
670.0       -0.7000        0.55273E-02    0.63903    
670.0       -0.6500        0.51108E-02    0.67823    
670.0       -0.6000        0.47242E-02    0.70731    
670.0       -0.5500        0.43673E-02    0.72520    
670.0       -0.5000        0.40402E-02    0.73045    
670.0       -0.4500        0.37428E-02    0.72132    
670.0       -0.4000        0.34752E-02    0.69587    
670.0       -0.3500        0.32375E-02    0.65220    
670.0       -0.3000        0.30294E-02    0.58868    
670.0       -0.2500        0.28512E-02    0.50427    
670.0       -0.2000        0.27027E-02    0.39891    
670.0       -0.1500        0.25840E-02    0.27388    
670.0       -0.1000        0.24951E-02    0.13210    
670.0       -0.5000E-01    0.24360E-02   -0.21847E-01
670.0         0.000        0.24066E-02   -0.18193    
670.0        0.5000E-01    0.24071E-02   -0.34123    
670.0        0.1000        0.24373E-02   -0.49273    
670.0        0.1500        0.24972E-02   -0.63010    
670.0        0.2000        0.25870E-02   -0.74842    
670.0        0.2500        0.27065E-02   -0.84451    
670.0        0.3000        0.28558E-02   -0.91699    
670.0        0.3500        0.30349E-02   -0.96603    
670.0        0.4000        0.32437E-02   -0.99296    
670.0        0.4500        0.34823E-02   -0.99984    
670.0        0.5000        0.37507E-02   -0.98901    
670.0        0.5500        0.40489E-02   -0.96285    
670.0        0.6000        0.43769E-02   -0.92349    
670.0        0.6500        0.47346E-02   -0.87268    
670.0        0.7000        0.51221E-02   -0.81167    
670.0        0.7500        0.55394E-02   -0.74105    
670.0        0.8000        0.59864E-02   -0.66056    
670.0        0.8500        0.64633E-02   -0.56851    
670.0        0.9000        0.69699E-02   -0.46028    
670.0        0.9500        0.75063E-02   -0.32215    
670.0         1.000        0.80724E-02    -0.0000    
680.0        -1.000        0.82911E-02     0.0000    
680.0       -0.9500        0.77392E-02    0.26414    
680.0       -0.9000        0.72144E-02    0.37345    
680.0       -0.8500        0.67167E-02    0.45608    
680.0       -0.8000        0.62462E-02    0.52347    
680.0       -0.7500        0.58029E-02    0.57947    
680.0       -0.7000        0.53867E-02    0.62550    
680.0       -0.6500        0.49976E-02    0.66181    
680.0       -0.6000        0.46357E-02    0.68798    
680.0       -0.5500        0.43009E-02    0.70311    
680.0       -0.5000        0.39933E-02    0.70594    
680.0       -0.4500        0.37129E-02    0.69497    
680.0       -0.4000        0.34596E-02    0.66859    
680.0       -0.3500        0.32334E-02    0.62519    
680.0       -0.3000        0.30344E-02    0.56344    
680.0       -0.2500        0.28625E-02    0.48252    
680.0       -0.2000        0.27178E-02    0.38243    
680.0       -0.1500        0.26003E-02    0.26429    
680.0       -0.1000        0.25098E-02    0.13057    
680.0       -0.5000E-01    0.24466E-02   -0.14841E-01
680.0         0.000        0.24105E-02   -0.16681    
680.0        0.5000E-01    0.24015E-02   -0.31932    
680.0        0.1000        0.24197E-02   -0.46611    
680.0        0.1500        0.24650E-02   -0.60133    
680.0        0.2000        0.25375E-02   -0.72012    
680.0        0.2500        0.26371E-02   -0.81903    
680.0        0.3000        0.27639E-02   -0.89614    
680.0        0.3500        0.29178E-02   -0.95098    
680.0        0.4000        0.30989E-02   -0.98423    
680.0        0.4500        0.33071E-02   -0.99739    
680.0        0.5000        0.35425E-02   -0.99237    
680.0        0.5500        0.38050E-02   -0.97125    
680.0        0.6000        0.40947E-02   -0.93599    
680.0        0.6500        0.44115E-02   -0.88826    
680.0        0.7000        0.47555E-02   -0.82928    
680.0        0.7500        0.51266E-02   -0.75966    
680.0        0.8000        0.55249E-02   -0.67914    
680.0        0.8500        0.59503E-02   -0.58601    
680.0        0.9000        0.64029E-02   -0.47553    
680.0        0.9500        0.68826E-02   -0.33349    
680.0         1.000        0.73895E-02    -0.0000    
690.0        -1.000        0.79370E-02     0.0000    
690.0       -0.9500        0.74269E-02    0.26177    
690.0       -0.9000        0.69413E-02    0.36921    
690.0       -0.8500        0.64805E-02    0.44976    
690.0       -0.8000        0.60442E-02    0.51484    
690.0       -0.7500        0.56326E-02    0.56832    
690.0       -0.7000        0.52457E-02    0.61169    
690.0       -0.6500        0.48833E-02    0.64527    
690.0       -0.6000        0.45456E-02    0.66875    
690.0       -0.5500        0.42325E-02    0.68139    
690.0       -0.5000        0.39441E-02    0.68213    
690.0       -0.4500        0.36803E-02    0.66971    
690.0       -0.4000        0.34411E-02    0.64278    
690.0       -0.3500        0.32266E-02    0.60002    
690.0       -0.3000        0.30367E-02    0.54036    
690.0       -0.2500        0.28714E-02    0.46315    
690.0       -0.2000        0.27308E-02    0.36844    
690.0       -0.1500        0.26148E-02    0.25722    
690.0       -0.1000        0.25234E-02    0.13156    
690.0       -0.5000E-01    0.24567E-02   -0.52697E-02
690.0         0.000        0.24146E-02   -0.14892    
690.0        0.5000E-01    0.23971E-02   -0.29423    
690.0        0.1000        0.24043E-02   -0.43569    
690.0        0.1500        0.24361E-02   -0.56795    
690.0        0.2000        0.24926E-02   -0.68635    
690.0        0.2500        0.25736E-02   -0.78730    
690.0        0.3000        0.26794E-02   -0.86847    
690.0        0.3500        0.28097E-02   -0.92882    
690.0        0.4000        0.29647E-02   -0.96840    
690.0        0.4500        0.31443E-02   -0.98813    
690.0        0.5000        0.33485E-02   -0.98945    
690.0        0.5500        0.35774E-02   -0.97406    
690.0        0.6000        0.38309E-02   -0.94369    
690.0        0.6500        0.41091E-02   -0.89985    
690.0        0.7000        0.44119E-02   -0.84370    
690.0        0.7500        0.47393E-02   -0.77582    
690.0        0.8000        0.50913E-02   -0.69594    
690.0        0.8500        0.54680E-02   -0.60232    
690.0        0.9000        0.58693E-02   -0.49006    
690.0        0.9500        0.62953E-02   -0.34449    
690.0         1.000        0.67459E-02    -0.0000    
700.0        -1.000        0.75906E-02     0.0000    
700.0       -0.9500        0.71206E-02    0.25917    
700.0       -0.9000        0.66729E-02    0.36467    
700.0       -0.8500        0.62474E-02    0.44313    
700.0       -0.8000        0.58441E-02    0.50593    
700.0       -0.7500        0.54631E-02    0.55699    
700.0       -0.7000        0.51043E-02    0.59784    
700.0       -0.6500        0.47677E-02    0.62889    
700.0       -0.6000        0.44534E-02    0.64996    
700.0       -0.5500        0.41614E-02    0.66044    
700.0       -0.5000        0.38916E-02    0.65946    
700.0       -0.4500        0.36440E-02    0.64599    
700.0       -0.4000        0.34187E-02    0.61889    
700.0       -0.3500        0.32156E-02    0.57713    
700.0       -0.3000        0.30348E-02    0.51982    
700.0       -0.2500        0.28762E-02    0.44649    
700.0       -0.2000        0.27398E-02    0.35721    
700.0       -0.1500        0.26257E-02    0.25284    
700.0       -0.1000        0.25339E-02    0.13511    
700.0       -0.5000E-01    0.24642E-02    0.67484E-02
700.0         0.000        0.24169E-02   -0.12858    
700.0        0.5000E-01    0.23917E-02   -0.26649    
700.0        0.1000        0.23889E-02   -0.40218    
700.0        0.1500        0.24082E-02   -0.53084    
700.0        0.2000        0.24498E-02   -0.64808    
700.0        0.2500        0.25137E-02   -0.75029    
700.0        0.3000        0.25997E-02   -0.83487    
700.0        0.3500        0.27081E-02   -0.90028    
700.0        0.4000        0.28386E-02   -0.94603    
700.0        0.4500        0.29915E-02   -0.97244    
700.0        0.5000        0.31665E-02   -0.98045    
700.0        0.5500        0.33638E-02   -0.97134    
700.0        0.6000        0.35834E-02   -0.94653    
700.0        0.6500        0.38252E-02   -0.90734    
700.0        0.7000        0.40892E-02   -0.85479    
700.0        0.7500        0.43755E-02   -0.78940    
700.0        0.8000        0.46840E-02   -0.71085    
700.0        0.8500        0.50148E-02   -0.61733    
700.0        0.9000        0.53678E-02   -0.50381    
700.0        0.9500        0.57430E-02   -0.35513    
700.0         1.000        0.61405E-02    -0.0000    
710.0        -1.000        0.72529E-02     0.0000    
710.0       -0.9500        0.68211E-02    0.25638    
710.0       -0.9000        0.64094E-02    0.35993    
710.0       -0.8500        0.60176E-02    0.43632    
710.0       -0.8000        0.56457E-02    0.49693    
710.0       -0.7500        0.52939E-02    0.54570    
710.0       -0.7000        0.49621E-02    0.58422    
710.0       -0.6500        0.46502E-02    0.61299    
710.0       -0.6000        0.43584E-02    0.63194    
710.0       -0.5500        0.40865E-02    0.64061    
710.0       -0.5000        0.38346E-02    0.63830    
710.0       -0.4500        0.36027E-02    0.62415    
710.0       -0.4000        0.33908E-02    0.59728    
710.0       -0.3500        0.31989E-02    0.55682    
710.0       -0.3000        0.30269E-02    0.50210    
710.0       -0.2500        0.28750E-02    0.43275    
710.0       -0.2000        0.27430E-02    0.34886    
710.0       -0.1500        0.26311E-02    0.25117    
710.0       -0.1000        0.25391E-02    0.14113    
710.0       -0.5000E-01    0.24671E-02    0.21001E-01
710.0         0.000        0.24150E-02   -0.10616    
710.0        0.5000E-01    0.23830E-02   -0.23665    
710.0        0.1000        0.23710E-02   -0.36632    
710.0        0.1500        0.23789E-02   -0.49090    
710.0        0.2000        0.24069E-02   -0.60633    
710.0        0.2500        0.24548E-02   -0.70908    
710.0        0.3000        0.25227E-02   -0.79636    
710.0        0.3500        0.26106E-02   -0.86629    
710.0        0.4000        0.27185E-02   -0.91787    
710.0        0.4500        0.28464E-02   -0.95089    
710.0        0.5000        0.29942E-02   -0.96576    
710.0        0.5500        0.31621E-02   -0.96333    
710.0        0.6000        0.33499E-02   -0.94465    
710.0        0.6500        0.35577E-02   -0.91076    
710.0        0.7000        0.37855E-02   -0.86253    
710.0        0.7500        0.40333E-02   -0.80035    
710.0        0.8000        0.43011E-02   -0.72381    
710.0        0.8500        0.45889E-02   -0.63102    
710.0        0.9000        0.48966E-02   -0.51677    
710.0        0.9500        0.52244E-02   -0.36539    
710.0         1.000        0.55721E-02    -0.0000    
720.0        -1.000        0.69240E-02     0.0000    
720.0       -0.9500        0.65284E-02    0.25348    
720.0       -0.9000        0.61506E-02    0.35508    
720.0       -0.8500        0.57907E-02    0.42947    
720.0       -0.8000        0.54487E-02    0.48800    
720.0       -0.7500        0.51246E-02    0.53466    
720.0       -0.7000        0.48183E-02    0.57107    
720.0       -0.6500        0.45299E-02    0.59784    
720.0       -0.6000        0.42594E-02    0.61500    
720.0       -0.5500        0.40067E-02    0.62221    
720.0       -0.5000        0.37719E-02    0.61893    
720.0       -0.4500        0.35550E-02    0.60449    
720.0       -0.4000        0.33560E-02    0.57817    
720.0       -0.3500        0.31748E-02    0.53929    
720.0       -0.3000        0.30115E-02    0.48732    
720.0       -0.2500        0.28661E-02    0.42198    
720.0       -0.2000        0.27386E-02    0.34339    
720.0       -0.1500        0.26289E-02    0.25215    
720.0       -0.1000        0.25371E-02    0.14947    
720.0       -0.5000E-01    0.24632E-02    0.37225E-01
720.0         0.000        0.24071E-02   -0.82056E-01
720.0        0.5000E-01    0.23689E-02   -0.20525    
720.0        0.1000        0.23486E-02   -0.32882    
720.0        0.1500        0.23462E-02   -0.44900    
720.0        0.2000        0.23616E-02   -0.56209    
720.0        0.2500        0.23949E-02   -0.66470    
720.0        0.3000        0.24461E-02   -0.75401    
720.0        0.3500        0.25152E-02   -0.82785    
720.0        0.4000        0.26021E-02   -0.88481    
720.0        0.4500        0.27069E-02   -0.92421    
720.0        0.5000        0.28296E-02   -0.94595    
720.0        0.5500        0.29701E-02   -0.95043    
720.0        0.6000        0.31286E-02   -0.93829    
720.0        0.6500        0.33049E-02   -0.91028    
720.0        0.7000        0.34990E-02   -0.86701    
720.0        0.7500        0.37111E-02   -0.80871    
720.0        0.8000        0.39410E-02   -0.73484    
720.0        0.8500        0.41888E-02   -0.64339    
720.0        0.9000        0.44545E-02   -0.52894    
720.0        0.9500        0.47380E-02   -0.37530    
720.0         1.000        0.50394E-02    -0.0000    
730.0        -1.000        0.66036E-02     0.0000    
730.0       -0.9500        0.62419E-02    0.25053    
730.0       -0.9000        0.58961E-02    0.35023    
730.0       -0.8500        0.55662E-02    0.42273    
730.0       -0.8000        0.52522E-02    0.47934    
730.0       -0.7500        0.49541E-02    0.52407    
730.0       -0.7000        0.46719E-02    0.55863    
730.0       -0.6500        0.44056E-02    0.58369    
730.0       -0.6000        0.41553E-02    0.59936    
730.0       -0.5500        0.39208E-02    0.60546    
730.0       -0.5000        0.37022E-02    0.60158    
730.0       -0.4500        0.34995E-02    0.58718    
730.0       -0.4000        0.33128E-02    0.56170    
730.0       -0.3500        0.31419E-02    0.52461    
730.0       -0.3000        0.29870E-02    0.47549    
730.0       -0.2500        0.28479E-02    0.41415    
730.0       -0.2000        0.27248E-02    0.34068    
730.0       -0.1500        0.26176E-02    0.25561    
730.0       -0.1000        0.25262E-02    0.15991    
730.0       -0.5000E-01    0.24508E-02    0.55138E-01
730.0         0.000        0.23913E-02   -0.56627E-01
730.0        0.5000E-01    0.23477E-02   -0.17277    
730.0        0.1000        0.23200E-02   -0.29028    
730.0        0.1500        0.23082E-02   -0.40587    
730.0        0.2000        0.23123E-02   -0.51622    
730.0        0.2500        0.23323E-02   -0.61814    
730.0        0.3000        0.23682E-02   -0.70882    
730.0        0.3500        0.24200E-02   -0.78593    
730.0        0.4000        0.24877E-02   -0.84776    
730.0        0.4500        0.25714E-02   -0.89318    
730.0        0.5000        0.26709E-02   -0.92167    
730.0        0.5500        0.27864E-02   -0.93315    
730.0        0.6000        0.29177E-02   -0.92784    
730.0        0.6500        0.30649E-02   -0.90615    
730.0        0.7000        0.32281E-02   -0.86840    
730.0        0.7500        0.34072E-02   -0.81459    
730.0        0.8000        0.36021E-02   -0.74403    
730.0        0.8500        0.38130E-02   -0.65451    
730.0        0.9000        0.40398E-02   -0.54039    
730.0        0.9500        0.42825E-02   -0.38491    
730.0         1.000        0.45410E-02    -0.0000    
740.0        -1.000        0.62910E-02     0.0000    
740.0       -0.9500        0.59610E-02    0.24761    
740.0       -0.9000        0.56450E-02    0.34550    
740.0       -0.8500        0.53431E-02    0.41623    
740.0       -0.8000        0.50553E-02    0.47110    
740.0       -0.7500        0.47816E-02    0.51413    
740.0       -0.7000        0.45220E-02    0.54709    
740.0       -0.6500        0.42764E-02    0.57071    
740.0       -0.6000        0.40450E-02    0.58523    
740.0       -0.5500        0.38276E-02    0.59055    
740.0       -0.5000        0.36243E-02    0.58638    
740.0       -0.4500        0.34351E-02    0.57231    
740.0       -0.4000        0.32600E-02    0.54791    
740.0       -0.3500        0.30990E-02    0.51277    
740.0       -0.3000        0.29521E-02    0.46656    
740.0       -0.2500        0.28192E-02    0.40914    
740.0       -0.2000        0.27004E-02    0.34060    
740.0       -0.1500        0.25958E-02    0.26136    
740.0       -0.1000        0.25052E-02    0.17223    
740.0       -0.5000E-01    0.24287E-02    0.74471E-01
740.0         0.000        0.23662E-02   -0.30197E-01
740.0        0.5000E-01    0.23179E-02   -0.13961    
740.0        0.1000        0.22836E-02   -0.25120    
740.0        0.1500        0.22635E-02   -0.36214    
740.0        0.2000        0.22574E-02   -0.46947    
740.0        0.2500        0.22654E-02   -0.57023    
740.0        0.3000        0.22875E-02   -0.66170    
740.0        0.3500        0.23237E-02   -0.74146    
740.0        0.4000        0.23739E-02   -0.80759    
740.0        0.4500        0.24383E-02   -0.85862    
740.0        0.5000        0.25167E-02   -0.89361    
740.0        0.5500        0.26093E-02   -0.91204    
740.0        0.6000        0.27159E-02   -0.91374    
740.0        0.6500        0.28366E-02   -0.89870    
740.0        0.7000        0.29713E-02   -0.86694    
740.0        0.7500        0.31202E-02   -0.81818    
740.0        0.8000        0.32832E-02   -0.75150    
740.0        0.8500        0.34602E-02   -0.66449    
740.0        0.9000        0.36513E-02   -0.55120    
740.0        0.9500        0.38565E-02   -0.39429    
740.0         1.000        0.40758E-02     0.0000    
750.0        -1.000        0.59853E-02     0.0000    
750.0       -0.9500        0.56847E-02    0.24478    
750.0       -0.9000        0.53964E-02    0.34098    
750.0       -0.8500        0.51206E-02    0.41011    
750.0       -0.8000        0.48572E-02    0.46342    
750.0       -0.7500        0.46062E-02    0.50498    
750.0       -0.7000        0.43676E-02    0.53659    
750.0       -0.6500        0.41414E-02    0.55908    
750.0       -0.6000        0.39277E-02    0.57274    
750.0       -0.5500        0.37263E-02    0.57757    
750.0       -0.5000        0.35374E-02    0.57338    
750.0       -0.4500        0.33609E-02    0.55990    
750.0       -0.4000        0.31968E-02    0.53677    
750.0       -0.3500        0.30451E-02    0.50368    
750.0       -0.3000        0.29059E-02    0.46039    
750.0       -0.2500        0.27790E-02    0.40678    
750.0       -0.2000        0.26646E-02    0.34293    
750.0       -0.1500        0.25625E-02    0.26918    
750.0       -0.1000        0.24729E-02    0.18619    
750.0       -0.5000E-01    0.23958E-02    0.94987E-01
750.0         0.000        0.23310E-02   -0.30300E-02
750.0        0.5000E-01    0.22786E-02   -0.10606    
750.0        0.1000        0.22387E-02   -0.21196    
750.0        0.1500        0.22111E-02   -0.31828    
750.0        0.2000        0.21960E-02   -0.42240    
750.0        0.2500        0.21933E-02   -0.52163    
750.0        0.3000        0.22030E-02   -0.61338    
750.0        0.3500        0.22252E-02   -0.69523    
750.0        0.4000        0.22597E-02   -0.76510    
750.0        0.4500        0.23067E-02   -0.82126    
750.0        0.5000        0.23660E-02   -0.86243    
750.0        0.5500        0.24378E-02   -0.88768    
750.0        0.6000        0.25220E-02   -0.89643    
750.0        0.6500        0.26186E-02   -0.88829    
750.0        0.7000        0.27277E-02   -0.86290    
750.0        0.7500        0.28491E-02   -0.81969    
750.0        0.8000        0.29830E-02   -0.75743    
750.0        0.8500        0.31292E-02   -0.67347    
750.0        0.9000        0.32879E-02   -0.56151    
750.0        0.9500        0.34590E-02   -0.40355    
750.0         1.000        0.36426E-02    -0.0000    
760.0        -1.000        0.56858E-02     0.0000    
760.0       -0.9500        0.54123E-02    0.24211    
760.0       -0.9000        0.51497E-02    0.33676    
760.0       -0.8500        0.48980E-02    0.40447    
760.0       -0.8000        0.46571E-02    0.45643    
760.0       -0.7500        0.44272E-02    0.49674    
760.0       -0.7000        0.42082E-02    0.52726    
760.0       -0.6500        0.40000E-02    0.54887    
760.0       -0.6000        0.38028E-02    0.56194    
760.0       -0.5500        0.36164E-02    0.56656    
760.0       -0.5000        0.34409E-02    0.56261    
760.0       -0.4500        0.32763E-02    0.54991    
760.0       -0.4000        0.31226E-02    0.52819    
760.0       -0.3500        0.29798E-02    0.49723    
760.0       -0.3000        0.28479E-02    0.45682    
760.0       -0.2500        0.27268E-02    0.40688    
760.0       -0.2000        0.26167E-02    0.34747    
760.0       -0.1500        0.25174E-02    0.27887    
760.0       -0.1000        0.24291E-02    0.20160    
760.0       -0.5000E-01    0.23516E-02    0.11649    
760.0         0.000        0.22850E-02    0.24674E-01
760.0        0.5000E-01    0.22293E-02   -0.72361E-01
760.0        0.1000        0.21845E-02   -0.17281    
760.0        0.1500        0.21506E-02   -0.27460    
760.0        0.2000        0.21276E-02   -0.37542    
760.0        0.2500        0.21154E-02   -0.47286    
760.0        0.3000        0.21142E-02   -0.56446    
760.0        0.3500        0.21238E-02   -0.64788    
760.0        0.4000        0.21444E-02   -0.72095    
760.0        0.4500        0.21758E-02   -0.78176    
760.0        0.5000        0.22181E-02   -0.82874    
760.0        0.5500        0.22713E-02   -0.86061    
760.0        0.6000        0.23354E-02   -0.87639    
760.0        0.6500        0.24104E-02   -0.87530    
760.0        0.7000        0.24963E-02   -0.85660    
760.0        0.7500        0.25930E-02   -0.81936    
760.0        0.8000        0.27007E-02   -0.76203    
760.0        0.8500        0.28192E-02   -0.68163    
760.0        0.9000        0.29486E-02   -0.57147    
760.0        0.9500        0.30890E-02   -0.41280    
760.0         1.000        0.32402E-02    -0.0000    
770.0        -1.000        0.53917E-02     0.0000    
770.0       -0.9500        0.51432E-02    0.23965    
770.0       -0.9000        0.49042E-02    0.33293    
770.0       -0.8500        0.46748E-02    0.39939    
770.0       -0.8000        0.44548E-02    0.45021    
770.0       -0.7500        0.42444E-02    0.48950    
770.0       -0.7000        0.40434E-02    0.51917    
770.0       -0.6500        0.38520E-02    0.54016    
770.0       -0.6000        0.36700E-02    0.55289    
770.0       -0.5500        0.34976E-02    0.55751    
770.0       -0.5000        0.33347E-02    0.55401    
770.0       -0.4500        0.31813E-02    0.54225    
770.0       -0.4000        0.30374E-02    0.52206    
770.0       -0.3500        0.29030E-02    0.49325    
770.0       -0.3000        0.27781E-02    0.45567    
770.0       -0.2500        0.26627E-02    0.40925    
770.0       -0.2000        0.25568E-02    0.35404    
770.0       -0.1500        0.24604E-02    0.29025    
770.0       -0.1000        0.23736E-02    0.21829    
770.0       -0.5000E-01    0.22962E-02    0.13883    
770.0         0.000        0.22284E-02    0.52780E-01
770.0        0.5000E-01    0.21700E-02   -0.38639E-01
770.0        0.1000        0.21212E-02   -0.13393    
770.0        0.1500        0.20818E-02   -0.23132    
770.0        0.2000        0.20520E-02   -0.32882    
770.0        0.2500        0.20317E-02   -0.42425    
770.0        0.3000        0.20209E-02   -0.51537    
770.0        0.3500        0.20196E-02   -0.59990    
770.0        0.4000        0.20278E-02   -0.67568    
770.0        0.4500        0.20455E-02   -0.74067    
770.0        0.5000        0.20727E-02   -0.79306    
770.0        0.5500        0.21094E-02   -0.83129    
770.0        0.6000        0.21556E-02   -0.85402    
770.0        0.6500        0.22113E-02   -0.86008    
770.0        0.7000        0.22766E-02   -0.84832    
770.0        0.7500        0.23513E-02   -0.81744    
770.0        0.8000        0.24356E-02   -0.76552    
770.0        0.8500        0.25293E-02   -0.68917    
770.0        0.9000        0.26326E-02   -0.58126    
770.0        0.9500        0.27453E-02   -0.42221    
770.0         1.000        0.28676E-02    -0.0000    
780.0        -1.000        0.51028E-02     0.0000    
780.0       -0.9500        0.48772E-02    0.23745    
780.0       -0.9000        0.46600E-02    0.32953    
780.0       -0.8500        0.44509E-02    0.39493    
780.0       -0.8000        0.42502E-02    0.44482    
780.0       -0.7500        0.40577E-02    0.48332    
780.0       -0.7000        0.38735E-02    0.51236    
780.0       -0.6500        0.36975E-02    0.53294    
780.0       -0.6000        0.35298E-02    0.54555    
780.0       -0.5500        0.33703E-02    0.55040    
780.0       -0.5000        0.32191E-02    0.54751    
780.0       -0.4500        0.30762E-02    0.53683    
780.0       -0.4000        0.29415E-02    0.51823    
780.0       -0.3500        0.28151E-02    0.49158    
780.0       -0.3000        0.26969E-02    0.45676    
780.0       -0.2500        0.25870E-02    0.41370    
780.0       -0.2000        0.24854E-02    0.36244    
780.0       -0.1500        0.23920E-02    0.30315    
780.0       -0.1000        0.23069E-02    0.23613    
780.0       -0.5000E-01    0.22300E-02    0.16190    
780.0         0.000        0.21614E-02    0.81216E-01
780.0        0.5000E-01    0.21011E-02   -0.49536E-02
780.0        0.1000        0.20490E-02   -0.95363E-01
780.0        0.1500        0.20052E-02   -0.18852    
780.0        0.2000        0.19696E-02   -0.28271    
780.0        0.2500        0.19423E-02   -0.37601    
780.0        0.3000        0.19233E-02   -0.46635    
780.0        0.3500        0.19125E-02   -0.55162    
780.0        0.4000        0.19100E-02   -0.62965    
780.0        0.4500        0.19157E-02   -0.69837    
780.0        0.5000        0.19297E-02   -0.75580    
780.0        0.5500        0.19519E-02   -0.80012    
780.0        0.6000        0.19825E-02   -0.82968    
780.0        0.6500        0.20212E-02   -0.84293    
780.0        0.7000        0.20683E-02   -0.83833    
780.0        0.7500        0.21236E-02   -0.81417    
780.0        0.8000        0.21871E-02   -0.76810    
780.0        0.8500        0.22589E-02   -0.69630    
780.0        0.9000        0.23390E-02   -0.59109    
780.0        0.9500        0.24273E-02   -0.43194    
780.0         1.000        0.25239E-02    -0.0000    
790.0        -1.000        0.48189E-02     0.0000    
790.0       -0.9500        0.46144E-02    0.23553    
790.0       -0.9000        0.44170E-02    0.32660    
790.0       -0.8500        0.42267E-02    0.39115    
790.0       -0.8000        0.40436E-02    0.44030    
790.0       -0.7500        0.38676E-02    0.47820    
790.0       -0.7000        0.36988E-02    0.50683    
790.0       -0.6500        0.35371E-02    0.52722    
790.0       -0.6000        0.33825E-02    0.53990    
790.0       -0.5500        0.32351E-02    0.54514    
790.0       -0.5000        0.30948E-02    0.54302    
790.0       -0.4500        0.29617E-02    0.53352    
790.0       -0.4000        0.28357E-02    0.51657    
790.0       -0.3500        0.27169E-02    0.49207    
790.0       -0.3000        0.26052E-02    0.45992    
790.0       -0.2500        0.25006E-02    0.42008    
790.0       -0.2000        0.24032E-02    0.37255    
790.0       -0.1500        0.23130E-02    0.31746    
790.0       -0.1000        0.22298E-02    0.25503    
790.0       -0.5000E-01    0.21538E-02    0.18567    
790.0         0.000        0.20850E-02    0.10997    
790.0        0.5000E-01    0.20233E-02    0.28710E-01
790.0        0.1000        0.19687E-02   -0.57091E-01
790.0        0.1500        0.19213E-02   -0.14619    
790.0        0.2000        0.18811E-02   -0.23711    
790.0        0.2500        0.18479E-02   -0.32818    
790.0        0.3000        0.18219E-02   -0.41754    
790.0        0.3500        0.18031E-02   -0.50321    
790.0        0.4000        0.17914E-02   -0.58311    
790.0        0.4500        0.17868E-02   -0.65514    
790.0        0.5000        0.17894E-02   -0.71723    
790.0        0.5500        0.17991E-02   -0.76737    
790.0        0.6000        0.18160E-02   -0.80362    
790.0        0.6500        0.18400E-02   -0.82409    
790.0        0.7000        0.18712E-02   -0.82685    
790.0        0.7500        0.19095E-02   -0.80975    
790.0        0.8000        0.19549E-02   -0.76998    
790.0        0.8500        0.20075E-02   -0.70322    
790.0        0.9000        0.20672E-02   -0.60116    
790.0        0.9500        0.21341E-02   -0.44219    
790.0         1.000        0.22081E-02    -0.0000    
800.0        -1.000        0.45405E-02     0.0000    
800.0       -0.9500        0.43551E-02    0.23393    
800.0       -0.9000        0.41758E-02    0.32419    
800.0       -0.8500        0.40027E-02    0.38806    
800.0       -0.8000        0.38357E-02    0.43666    
800.0       -0.7500        0.36749E-02    0.47417    
800.0       -0.7000        0.35202E-02    0.50258    
800.0       -0.6500        0.33717E-02    0.52296    
800.0       -0.6000        0.32293E-02    0.53589    
800.0       -0.5500        0.30931E-02    0.54167    
800.0       -0.5000        0.29630E-02    0.54044    
800.0       -0.4500        0.28391E-02    0.53221    
800.0       -0.4000        0.27213E-02    0.51694    
800.0       -0.3500        0.26096E-02    0.49457    
800.0       -0.3000        0.25042E-02    0.46502    
800.0       -0.2500        0.24048E-02    0.42825    
800.0       -0.2000        0.23116E-02    0.38425    
800.0       -0.1500        0.22246E-02    0.33310    
800.0       -0.1000        0.21436E-02    0.27496    
800.0       -0.5000E-01    0.20689E-02    0.21014    
800.0         0.000        0.20003E-02    0.13909    
800.0        0.5000E-01    0.19378E-02    0.62436E-01
800.0        0.1000        0.18815E-02   -0.19006E-01
800.0        0.1500        0.18313E-02   -0.10421    
800.0        0.2000        0.17873E-02   -0.19193    
800.0        0.2500        0.17494E-02   -0.28071    
800.0        0.3000        0.17177E-02   -0.36890    
800.0        0.3500        0.16921E-02   -0.45469    
800.0        0.4000        0.16727E-02   -0.53611    
800.0        0.4500        0.16594E-02   -0.61108    
800.0        0.5000        0.16523E-02   -0.67750    
800.0        0.5500        0.16513E-02   -0.73319    
800.0        0.6000        0.16565E-02   -0.77600    
800.0        0.6500        0.16678E-02   -0.80371    
800.0        0.7000        0.16852E-02   -0.81402    
800.0        0.7500        0.17088E-02   -0.80434    
800.0        0.8000        0.17386E-02   -0.77135    
800.0        0.8500        0.17745E-02   -0.71016    
800.0        0.9000        0.18165E-02   -0.61171    
800.0        0.9500        0.18647E-02   -0.45318    
800.0         1.000        0.19191E-02    -0.0000    
810.0        -1.000        0.42681E-02     0.0000    
810.0       -0.9500        0.41001E-02    0.23266    
810.0       -0.9000        0.39374E-02    0.32229    
810.0       -0.8500        0.37799E-02    0.38567    
810.0       -0.8000        0.36277E-02    0.43391    
810.0       -0.7500        0.34808E-02    0.47120    
810.0       -0.7000        0.33391E-02    0.49957    
810.0       -0.6500        0.32027E-02    0.52011    
810.0       -0.6000        0.30715E-02    0.53345    
810.0       -0.5500        0.29457E-02    0.53991    
810.0       -0.5000        0.28251E-02    0.53967    
810.0       -0.4500        0.27097E-02    0.53278    
810.0       -0.4000        0.25996E-02    0.51923    
810.0       -0.3500        0.24948E-02    0.49897    
810.0       -0.3000        0.23953E-02    0.47196    
810.0       -0.2500        0.23010E-02    0.43813    
810.0       -0.2000        0.22120E-02    0.39749    
810.0       -0.1500        0.21283E-02    0.35005    
810.0       -0.1000        0.20498E-02    0.29594    
810.0       -0.5000E-01    0.19766E-02    0.23538    
810.0         0.000        0.19086E-02    0.16870    
810.0        0.5000E-01    0.18460E-02    0.96383E-01
810.0        0.1000        0.17886E-02    0.19080E-01
810.0        0.1500        0.17364E-02   -0.62375E-01
810.0        0.2000        0.16895E-02   -0.14695    
810.0        0.2500        0.16479E-02   -0.23340    
810.0        0.3000        0.16116E-02   -0.32028    
810.0        0.3500        0.15805E-02   -0.40595    
810.0        0.4000        0.15547E-02   -0.48857    
810.0        0.4500        0.15342E-02   -0.56616    
810.0        0.5000        0.15189E-02   -0.63657    
810.0        0.5500        0.15089E-02   -0.69758    
810.0        0.6000        0.15042E-02   -0.74682    
810.0        0.6500        0.15047E-02   -0.78182    
810.0        0.7000        0.15105E-02   -0.79990    
810.0        0.7500        0.15215E-02   -0.79801    
810.0        0.8000        0.15379E-02   -0.77233    
810.0        0.8500        0.15595E-02   -0.71728    
810.0        0.9000        0.15863E-02   -0.62300    
810.0        0.9500        0.16184E-02   -0.46518    
810.0         1.000        0.16558E-02    -0.0000    
820.0        -1.000        0.40028E-02     0.0000    
820.0       -0.9500        0.38505E-02    0.23172    
820.0       -0.9000        0.37028E-02    0.32091    
820.0       -0.8500        0.35596E-02    0.38398    
820.0       -0.8000        0.34208E-02    0.43204    
820.0       -0.7500        0.32866E-02    0.46928    
820.0       -0.7000        0.31568E-02    0.49778    
820.0       -0.6500        0.30315E-02    0.51864    
820.0       -0.6000        0.29107E-02    0.53252    
820.0       -0.5500        0.27944E-02    0.53978    
820.0       -0.5000        0.26826E-02    0.54063    
820.0       -0.4500        0.25753E-02    0.53515    
820.0       -0.4000        0.24725E-02    0.52335    
820.0       -0.3500        0.23742E-02    0.50520    
820.0       -0.3000        0.22804E-02    0.48066    
820.0       -0.2500        0.21910E-02    0.44969    
820.0       -0.2000        0.21062E-02    0.41225    
820.0       -0.1500        0.20258E-02    0.36835    
820.0       -0.1000        0.19499E-02    0.31806    
820.0       -0.5000E-01    0.18786E-02    0.26153    
820.0         0.000        0.18117E-02    0.19898    
820.0        0.5000E-01    0.17493E-02    0.13079    
820.0        0.1000        0.16914E-02    0.57444E-01
820.0        0.1500        0.16380E-02   -0.20384E-01
820.0        0.2000        0.15891E-02   -0.10186    
820.0        0.2500        0.15446E-02   -0.18593    
820.0        0.3000        0.15047E-02   -0.27136    
820.0        0.3500        0.14692E-02   -0.35669    
820.0        0.4000        0.14383E-02   -0.44024    
820.0        0.4500        0.14118E-02   -0.52013    
820.0        0.5000        0.13899E-02   -0.59426    
820.0        0.5500        0.13724E-02   -0.66036    
820.0        0.6000        0.13594E-02   -0.71594    
820.0        0.6500        0.13509E-02   -0.75829    
820.0        0.7000        0.13469E-02   -0.78439    
820.0        0.7500        0.13474E-02   -0.79075    
820.0        0.8000        0.13524E-02   -0.77297    
820.0        0.8500        0.13618E-02   -0.72476    
820.0        0.9000        0.13758E-02   -0.63526    
820.0        0.9500        0.13943E-02   -0.47848    
820.0         1.000        0.14172E-02    -0.0000    
830.0        -1.000        0.37455E-02     0.0000    
830.0       -0.9500        0.36076E-02    0.23111    
830.0       -0.9000        0.34734E-02    0.32005    
830.0       -0.8500        0.33431E-02    0.38298    
830.0       -0.8000        0.32166E-02    0.43102    
830.0       -0.7500        0.30939E-02    0.46839    
830.0       -0.7000        0.29750E-02    0.49716    
830.0       -0.6500        0.28600E-02    0.51850    
830.0       -0.6000        0.27487E-02    0.53306    
830.0       -0.5500        0.26413E-02    0.54125    
830.0       -0.5000        0.25376E-02    0.54328    
830.0       -0.4500        0.24378E-02    0.53927    
830.0       -0.4000        0.23418E-02    0.52926    
830.0       -0.3500        0.22496E-02    0.51322    
830.0       -0.3000        0.21612E-02    0.49114    
830.0       -0.2500        0.20767E-02    0.46294    
830.0       -0.2000        0.19959E-02    0.42861    
830.0       -0.1500        0.19190E-02    0.38811    
830.0       -0.1000        0.18459E-02    0.34148    
830.0       -0.5000E-01    0.17765E-02    0.28880    
830.0         0.000        0.17111E-02    0.23021    
830.0        0.5000E-01    0.16494E-02    0.16598    
830.0        0.1000        0.15915E-02    0.96468E-01
830.0        0.1500        0.15374E-02    0.22186E-01
830.0        0.2000        0.14872E-02   -0.56198E-01
830.0        0.2500        0.14408E-02   -0.13784    
830.0        0.3000        0.13981E-02   -0.22168    
830.0        0.3500        0.13593E-02   -0.30646    
830.0        0.4000        0.13244E-02   -0.39067    
830.0        0.4500        0.12932E-02   -0.47256    
830.0        0.5000        0.12658E-02   -0.55015    
830.0        0.5500        0.12423E-02   -0.62114    
830.0        0.6000        0.12225E-02   -0.68299    
830.0        0.6500        0.12066E-02   -0.73280    
830.0        0.7000        0.11945E-02   -0.76725    
830.0        0.7500        0.11862E-02   -0.78240    
830.0        0.8000        0.11817E-02   -0.77325    
830.0        0.8500        0.11810E-02   -0.73271    
830.0        0.9000        0.11842E-02   -0.64877    
830.0        0.9500        0.11911E-02   -0.49344    
830.0         1.000        0.12019E-02    -0.0000    
840.0        -1.000        0.34977E-02     0.0000    
840.0       -0.9500        0.33727E-02    0.23083    
840.0       -0.9000        0.32508E-02    0.31970    
840.0       -0.8500        0.31322E-02    0.38267    
840.0       -0.8000        0.30167E-02    0.43086    
840.0       -0.7500        0.29045E-02    0.46851    
840.0       -0.7000        0.27956E-02    0.49772    
840.0       -0.6500        0.26898E-02    0.51966    
840.0       -0.6000        0.25873E-02    0.53504    
840.0       -0.5500        0.24880E-02    0.54427    
840.0       -0.5000        0.23919E-02    0.54760    
840.0       -0.4500        0.22991E-02    0.54515    
840.0       -0.4000        0.22095E-02    0.53697    
840.0       -0.3500        0.21230E-02    0.52308    
840.0       -0.3000        0.20399E-02    0.50344    
840.0       -0.2500        0.19599E-02    0.47800    
840.0       -0.2000        0.18832E-02    0.44671    
840.0       -0.1500        0.18097E-02    0.40953    
840.0       -0.1000        0.17394E-02    0.36646    
840.0       -0.5000E-01    0.16723E-02    0.31751    
840.0         0.000        0.16085E-02    0.26278    
840.0        0.5000E-01    0.15478E-02    0.20241    
840.0        0.1000        0.14904E-02    0.13666    
840.0        0.1500        0.14363E-02    0.65897E-01
840.0        0.2000        0.13853E-02   -0.93699E-02
840.0        0.2500        0.13376E-02   -0.88475E-01
840.0        0.3000        0.12931E-02   -0.17056    
840.0        0.3500        0.12518E-02   -0.25456    
840.0        0.4000        0.12138E-02   -0.33916    
840.0        0.4500        0.11789E-02   -0.42278    
840.0        0.5000        0.11473E-02   -0.50355    
840.0        0.5500        0.11190E-02   -0.57926    
840.0        0.6000        0.10938E-02   -0.64734    
840.0        0.6500        0.10719E-02   -0.70477    
840.0        0.7000        0.10531E-02   -0.74797    
840.0        0.7500        0.10377E-02   -0.77258    
840.0        0.8000        0.10254E-02   -0.77297    
840.0        0.8500        0.10163E-02   -0.74116    
840.0        0.9000        0.10105E-02   -0.66382    
840.0        0.9500        0.10079E-02   -0.51051    
840.0         1.000        0.10086E-02    -0.0000    
850.0        -1.000        0.32608E-02     0.0000    
850.0       -0.9500        0.31472E-02    0.23088    
850.0       -0.9000        0.30364E-02    0.31987    
850.0       -0.8500        0.29283E-02    0.38304    
850.0       -0.8000        0.28229E-02    0.43154    
850.0       -0.7500        0.27202E-02    0.46963    
850.0       -0.7000        0.26203E-02    0.49944    
850.0       -0.6500        0.25230E-02    0.52215    
850.0       -0.6000        0.24285E-02    0.53849    
850.0       -0.5500        0.23366E-02    0.54889    
850.0       -0.5000        0.22475E-02    0.55362    
850.0       -0.4500        0.21611E-02    0.55283    
850.0       -0.4000        0.20774E-02    0.54658    
850.0       -0.3500        0.19964E-02    0.53488    
850.0       -0.3000        0.19182E-02    0.51772    
850.0       -0.2500        0.18426E-02    0.49505    
850.0       -0.2000        0.17698E-02    0.46680    
850.0       -0.1500        0.16996E-02    0.43292    
850.0       -0.1000        0.16322E-02    0.39336    
850.0       -0.5000E-01    0.15675E-02    0.34811    
850.0         0.000        0.15056E-02    0.29719    
850.0        0.5000E-01    0.14463E-02    0.24066    
850.0        0.1000        0.13897E-02    0.17868    
850.0        0.1500        0.13359E-02    0.11149    
850.0        0.2000        0.12847E-02    0.39434E-01
850.0        0.2500        0.12363E-02   -0.36984E-01
850.0        0.3000        0.11906E-02   -0.11710    
850.0        0.3500        0.11476E-02   -0.20005    
850.0        0.4000        0.11074E-02   -0.28473    
850.0        0.4500        0.10698E-02   -0.36976    
850.0        0.5000        0.10349E-02   -0.45344    
850.0        0.5500        0.10028E-02   -0.53369    
850.0        0.6000        0.97339E-03   -0.60798    
850.0        0.6500        0.94667E-03   -0.67324    
850.0        0.7000        0.92268E-03   -0.72570    
850.0        0.7500        0.90140E-03   -0.76061    
850.0        0.8000        0.88283E-03   -0.77171    
850.0        0.8500        0.86697E-03   -0.75004    
850.0        0.9000        0.85383E-03   -0.68069    
850.0        0.9500        0.84340E-03   -0.53027    
850.0         1.000        0.83568E-03    -0.0000    
860.0        -1.000        0.30360E-02     0.0000    
860.0       -0.9500        0.29328E-02    0.23127    
860.0       -0.9000        0.28319E-02    0.32056    
860.0       -0.8500        0.27332E-02    0.38411    
860.0       -0.8000        0.26368E-02    0.43309    
860.0       -0.7500        0.25427E-02    0.47180    
860.0       -0.7000        0.24508E-02    0.50236    
860.0       -0.6500        0.23613E-02    0.52600    
860.0       -0.6000        0.22740E-02    0.54346    
860.0       -0.5500        0.21890E-02    0.55518    
860.0       -0.5000        0.21062E-02    0.56145    
860.0       -0.4500        0.20257E-02    0.56244    
860.0       -0.4000        0.19475E-02    0.55823    
860.0       -0.3500        0.18716E-02    0.54883    
860.0       -0.3000        0.17980E-02    0.53424    
860.0       -0.2500        0.17266E-02    0.51440    
860.0       -0.2000        0.16575E-02    0.48924    
860.0       -0.1500        0.15907E-02    0.45871    
860.0       -0.1000        0.15261E-02    0.42271    
860.0       -0.5000E-01    0.14639E-02    0.38121    
860.0         0.000        0.14039E-02    0.33414    
860.0        0.5000E-01    0.13462E-02    0.28153    
860.0        0.1000        0.12907E-02    0.22342    
860.0        0.1500        0.12375E-02    0.15993    
860.0        0.2000        0.11866E-02    0.91275E-01
860.0        0.2500        0.11380E-02    0.17787E-01
860.0        0.3000        0.10917E-02   -0.60060E-01
860.0        0.3500        0.10476E-02   -0.14161    
860.0        0.4000        0.10058E-02   -0.22599    
860.0        0.4500        0.96629E-03   -0.31205    
860.0        0.5000        0.92905E-03   -0.39830    
860.0        0.5500        0.89408E-03   -0.48286    
860.0        0.6000        0.86138E-03   -0.56334    
860.0        0.6500        0.83096E-03   -0.63669    
860.0        0.7000        0.80282E-03   -0.69904    
860.0        0.7500        0.77695E-03   -0.74532    
860.0        0.8000        0.75335E-03   -0.76866    
860.0        0.8500        0.73203E-03   -0.75902    
860.0        0.9000        0.71298E-03   -0.69963    
860.0        0.9500        0.69621E-03   -0.55346    
860.0         1.000        0.68172E-03    -0.0000    
870.0        -1.000        0.28248E-02     0.0000    
870.0       -0.9500        0.27308E-02    0.23201    
870.0       -0.9000        0.26386E-02    0.32180    
870.0       -0.8500        0.25484E-02    0.38592    
870.0       -0.8000        0.24600E-02    0.43557    
870.0       -0.7500        0.23736E-02    0.47507    
870.0       -0.7000        0.22890E-02    0.50657    
870.0       -0.6500        0.22064E-02    0.53133    
870.0       -0.6000        0.21256E-02    0.55008    
870.0       -0.5500        0.20468E-02    0.56330    
870.0       -0.5000        0.19698E-02    0.57129    
870.0       -0.4500        0.18948E-02    0.57422    
870.0       -0.4000        0.18216E-02    0.57220    
870.0       -0.3500        0.17504E-02    0.56525    
870.0       -0.3000        0.16810E-02    0.55337    
870.0       -0.2500        0.16136E-02    0.53650    
870.0       -0.2000        0.15481E-02    0.51457    
870.0       -0.1500        0.14844E-02    0.48751    
870.0       -0.1000        0.14227E-02    0.45521    
870.0       -0.5000E-01    0.13628E-02    0.41758    
870.0         0.000        0.13049E-02    0.37455    
870.0        0.5000E-01    0.12488E-02    0.32603    
870.0        0.1000        0.11947E-02    0.27200    
870.0        0.1500        0.11424E-02    0.21248    
870.0        0.2000        0.10921E-02    0.14754    
870.0        0.2500        0.10437E-02    0.77360E-01
870.0        0.3000        0.99712E-03    0.22147E-02
870.0        0.3500        0.95248E-03   -0.77455E-01
870.0        0.4000        0.90974E-03   -0.16102    
870.0        0.4500        0.86890E-03   -0.24759    
870.0        0.5000        0.82996E-03   -0.33596    
870.0        0.5500        0.79292E-03   -0.42451    
870.0        0.6000        0.75778E-03   -0.51108    
870.0        0.6500        0.72454E-03   -0.59278    
870.0        0.7000        0.69321E-03   -0.66576    
870.0        0.7500        0.66377E-03   -0.72476    
870.0        0.8000        0.63623E-03   -0.76235    
870.0        0.8500        0.61060E-03   -0.76736    
870.0        0.9000        0.58686E-03   -0.72086    
870.0        0.9500        0.56503E-03   -0.58114    
870.0         1.000        0.54509E-03    -0.0000    
880.0        -1.000        0.26284E-02     0.0000    
880.0       -0.9500        0.25425E-02    0.23314    
880.0       -0.9000        0.24581E-02    0.32365    
880.0       -0.8500        0.23753E-02    0.38853    
880.0       -0.8000        0.22941E-02    0.43906    
880.0       -0.7500        0.22145E-02    0.47956    
880.0       -0.7000        0.21364E-02    0.51222    
880.0       -0.6500        0.20599E-02    0.53830    
880.0       -0.6000        0.19851E-02    0.55856    
880.0       -0.5500        0.19117E-02    0.57349    
880.0       -0.5000        0.18400E-02    0.58341    
880.0       -0.4500        0.17699E-02    0.58851    
880.0       -0.4000        0.17013E-02    0.58890    
880.0       -0.3500        0.16344E-02    0.58461    
880.0       -0.3000        0.15690E-02    0.57565    
880.0       -0.2500        0.15052E-02    0.56196    
880.0       -0.2000        0.14429E-02    0.54349    
880.0       -0.1500        0.13823E-02    0.52013    
880.0       -0.1000        0.13232E-02    0.49177    
880.0       -0.5000E-01    0.12658E-02    0.45829    
880.0         0.000        0.12099E-02    0.41956    
880.0        0.5000E-01    0.11555E-02    0.37547    
880.0        0.1000        0.11028E-02    0.32591    
880.0        0.1500        0.10517E-02    0.27078    
880.0        0.2000        0.10021E-02    0.21005    
880.0        0.2500        0.95412E-03    0.14374    
880.0        0.3000        0.90771E-03    0.71929E-01
880.0        0.3500        0.86290E-03   -0.51576E-02
880.0        0.4000        0.81966E-03   -0.87157E-01
880.0        0.4500        0.77801E-03   -0.17349    
880.0        0.5000        0.73793E-03   -0.26328    
880.0        0.5500        0.69944E-03   -0.35526    
880.0        0.6000        0.66254E-03   -0.44764    
880.0        0.6500        0.62721E-03   -0.53786    
880.0        0.7000        0.59347E-03   -0.62226    
880.0        0.7500        0.56131E-03   -0.69561    
880.0        0.8000        0.53074E-03   -0.75010    
880.0        0.8500        0.50174E-03   -0.77347    
880.0        0.9000        0.47433E-03   -0.74426    
880.0        0.9500        0.44850E-03   -0.61482    
880.0         1.000        0.42425E-03    -0.0000    
890.0        -1.000        0.24479E-02     0.0000    
890.0       -0.9500        0.23691E-02    0.23471    
890.0       -0.9000        0.22915E-02    0.32619    
890.0       -0.8500        0.22153E-02    0.39209    
890.0       -0.8000        0.21403E-02    0.44372    
890.0       -0.7500        0.20667E-02    0.48547    
890.0       -0.7000        0.19944E-02    0.51953    
890.0       -0.6500        0.19234E-02    0.54718    
890.0       -0.6000        0.18537E-02    0.56920    
890.0       -0.5500        0.17854E-02    0.58611    
890.0       -0.5000        0.17183E-02    0.59823    
890.0       -0.4500        0.16526E-02    0.60577    
890.0       -0.4000        0.15881E-02    0.60885    
890.0       -0.3500        0.15250E-02    0.60751    
890.0       -0.3000        0.14632E-02    0.60178    
890.0       -0.2500        0.14028E-02    0.59159    
890.0       -0.2000        0.13436E-02    0.57690    
890.0       -0.1500        0.12857E-02    0.55759    
890.0       -0.1000        0.12292E-02    0.53355    
890.0       -0.5000E-01    0.11740E-02    0.50463    
890.0         0.000        0.11201E-02    0.47067    
890.0        0.5000E-01    0.10675E-02    0.43152    
890.0        0.1000        0.10162E-02    0.38698    
890.0        0.1500        0.96622E-03    0.33691    
890.0        0.2000        0.91756E-03    0.28113    
890.0        0.2500        0.87022E-03    0.21951    
890.0        0.3000        0.82419E-03    0.15198    
890.0        0.3500        0.77948E-03    0.78515E-01
890.0        0.4000        0.73608E-03   -0.80396E-03
890.0        0.4500        0.69400E-03   -0.85731E-01
890.0        0.5000        0.65323E-03   -0.17580    
890.0        0.5500        0.61377E-03   -0.27021    
890.0        0.6000        0.57563E-03   -0.36768    
890.0        0.6500        0.53880E-03   -0.46620    
890.0        0.7000        0.50329E-03   -0.56264    
890.0        0.7500        0.46909E-03   -0.65214    
890.0        0.8000        0.43620E-03   -0.72692    
890.0        0.8500        0.40463E-03   -0.77391    
890.0        0.9000        0.37438E-03   -0.76895    
890.0        0.9500        0.34543E-03   -0.65663    
890.0         1.000        0.31780E-03    -0.0000    
900.0        -1.000        0.22843E-02     0.0000    
900.0       -0.9500        0.22116E-02    0.23682    
900.0       -0.9000        0.21400E-02    0.32957    
900.0       -0.8500        0.20694E-02    0.39675    
900.0       -0.8000        0.20000E-02    0.44978    
900.0       -0.7500        0.19316E-02    0.49305    
900.0       -0.7000        0.18643E-02    0.52880    
900.0       -0.6500        0.17981E-02    0.55832    
900.0       -0.6000        0.17330E-02    0.58243    
900.0       -0.5500        0.16690E-02    0.60163    
900.0       -0.5000        0.16061E-02    0.61629    
900.0       -0.4500        0.15442E-02    0.62661    
900.0       -0.4000        0.14835E-02    0.63273    
900.0       -0.3500        0.14238E-02    0.63473    
900.0       -0.3000        0.13653E-02    0.63262    
900.0       -0.2500        0.13078E-02    0.62636    
900.0       -0.2000        0.12514E-02    0.61590    
900.0       -0.1500        0.11961E-02    0.60113    
900.0       -0.1000        0.11419E-02    0.58194    
900.0       -0.5000E-01    0.10887E-02    0.55817    
900.0         0.000        0.10367E-02    0.52964    
900.0        0.5000E-01    0.98576E-03    0.49615    
900.0        0.1000        0.93590E-03    0.45748    
900.0        0.1500        0.88713E-03    0.41339    
900.0        0.2000        0.83945E-03    0.36362    
900.0        0.2500        0.79286E-03    0.30793    
900.0        0.3000        0.74736E-03    0.24605    
900.0        0.3500        0.70295E-03    0.17775    
900.0        0.4000        0.65962E-03    0.10282    
900.0        0.4500        0.61739E-03    0.21141E-01
900.0        0.5000        0.57624E-03   -0.67283E-01
900.0        0.5500        0.53618E-03   -0.16223    
900.0        0.6000        0.49721E-03   -0.26313    
900.0        0.6500        0.45934E-03   -0.36881    
900.0        0.7000        0.42254E-03   -0.47713    
900.0        0.7500        0.38684E-03   -0.58424    
900.0        0.8000        0.35223E-03   -0.68321    
900.0        0.8500        0.31871E-03   -0.76108    
900.0        0.9000        0.28627E-03   -0.79154    
900.0        0.9500        0.25493E-03   -0.70947    
900.0         1.000        0.22467E-03    -0.0000    
910.0        -1.000        0.21385E-02     0.0000    
910.0       -0.9500        0.20711E-02    0.23961    
910.0       -0.9000        0.20045E-02    0.33398    
910.0       -0.8500        0.19389E-02    0.40278    
910.0       -0.8000        0.18742E-02    0.45752    
910.0       -0.7500        0.18104E-02    0.50265    
910.0       -0.7000        0.17474E-02    0.54043    
910.0       -0.6500        0.16854E-02    0.57218    
910.0       -0.6000        0.16243E-02    0.59872    
910.0       -0.5500        0.15641E-02    0.62060    
910.0       -0.5000        0.15048E-02    0.63818    
910.0       -0.4500        0.14463E-02    0.65170    
910.0       -0.4000        0.13888E-02    0.66132    
910.0       -0.3500        0.13322E-02    0.66711    
910.0       -0.3000        0.12765E-02    0.66911    
910.0       -0.2500        0.12217E-02    0.66732    
910.0       -0.2000        0.11678E-02    0.66166    
910.0       -0.1500        0.11148E-02    0.65208    
910.0       -0.1000        0.10627E-02    0.63843    
910.0       -0.5000E-01    0.10115E-02    0.62058    
910.0         0.000        0.96116E-03    0.59835    
910.0        0.5000E-01    0.91176E-03    0.57151    
910.0        0.1000        0.86326E-03    0.53982    
910.0        0.1500        0.81567E-03    0.50301    
910.0        0.2000        0.76897E-03    0.46075    
910.0        0.2500        0.72318E-03    0.41268    
910.0        0.3000        0.67828E-03    0.35843    
910.0        0.3500        0.63429E-03    0.29755    
910.0        0.4000        0.59120E-03    0.22960    
910.0        0.4500        0.54901E-03    0.15408    
910.0        0.5000        0.50773E-03    0.70534E-01
910.0        0.5500        0.46734E-03   -0.21487E-01
910.0        0.6000        0.42786E-03   -0.12228    
910.0        0.6500        0.38928E-03   -0.23187    
910.0        0.7000        0.35160E-03   -0.34966    
910.0        0.7500        0.31482E-03   -0.47383    
910.0        0.8000        0.27894E-03   -0.59992    
910.0        0.8500        0.24397E-03   -0.71747    
910.0        0.9000        0.20989E-03   -0.80090    
910.0        0.9500        0.17672E-03   -0.77574    
910.0         1.000        0.14445E-03    -0.0000    
920.0        -1.000        0.20111E-02     0.0000    
920.0       -0.9500        0.19482E-02    0.24323    
920.0       -0.9000        0.18861E-02    0.33965    
920.0       -0.8500        0.18247E-02    0.41046    
920.0       -0.8000        0.17640E-02    0.46728    
920.0       -0.7500        0.17041E-02    0.51464    
920.0       -0.7000        0.16450E-02    0.55482    
920.0       -0.6500        0.15866E-02    0.58918    
920.0       -0.6000        0.15289E-02    0.61857    
920.0       -0.5500        0.14720E-02    0.64354    
920.0       -0.5000        0.14158E-02    0.66449    
920.0       -0.4500        0.13604E-02    0.68167    
920.0       -0.4000        0.13057E-02    0.69525    
920.0       -0.3500        0.12518E-02    0.70536    
920.0       -0.3000        0.11986E-02    0.71204    
920.0       -0.2500        0.11462E-02    0.71531    
920.0       -0.2000        0.10945E-02    0.71513    
920.0       -0.1500        0.10436E-02    0.71145    
920.0       -0.1000        0.99339E-03    0.70417    
920.0       -0.5000E-01    0.94394E-03    0.69317    
920.0         0.000        0.89524E-03    0.67827    
920.0        0.5000E-01    0.84728E-03    0.65928    
920.0        0.1000        0.80007E-03    0.63597    
920.0        0.1500        0.75361E-03    0.60804    
920.0        0.2000        0.70790E-03    0.57517    
920.0        0.2500        0.66293E-03    0.53697    
920.0        0.3000        0.61871E-03    0.49297    
920.0        0.3500        0.57523E-03    0.44265    
920.0        0.4000        0.53250E-03    0.38538    
920.0        0.4500        0.49052E-03    0.32041    
920.0        0.5000        0.44928E-03    0.24688    
920.0        0.5500        0.40879E-03    0.16378    
920.0        0.6000        0.36905E-03    0.69917E-01
920.0        0.6500        0.33005E-03   -0.36057E-01
920.0        0.7000        0.29180E-03   -0.15559    
920.0        0.7500        0.25430E-03   -0.28998    
920.0        0.8000        0.21754E-03   -0.43965    
920.0        0.8500        0.18153E-03   -0.60162    
920.0        0.9000        0.14626E-03   -0.76063    
920.0        0.9500        0.11174E-03   -0.84709    
920.0         1.000        0.77970E-04    -0.0000    
930.0        -1.000        0.19026E-02     0.0000    
930.0       -0.9500        0.18436E-02    0.24787    
930.0       -0.9000        0.17853E-02    0.34682    
930.0       -0.8500        0.17276E-02    0.42004    
930.0       -0.8000        0.16706E-02    0.47933    
930.0       -0.7500        0.16141E-02    0.52929    
930.0       -0.7000        0.15583E-02    0.57225    
930.0       -0.6500        0.15031E-02    0.60959    
930.0       -0.6000        0.14485E-02    0.64219    
930.0       -0.5500        0.13945E-02    0.67063    
930.0       -0.5000        0.13412E-02    0.69534    
930.0       -0.4500        0.12885E-02    0.71659    
930.0       -0.4000        0.12364E-02    0.73458    
930.0       -0.3500        0.11849E-02    0.74947    
930.0       -0.3000        0.11340E-02    0.76132    
930.0       -0.2500        0.10837E-02    0.77019    
930.0       -0.2000        0.10341E-02    0.77609    
930.0       -0.1500        0.98508E-03    0.77898    
930.0       -0.1000        0.93668E-03    0.77882    
930.0       -0.5000E-01    0.88890E-03    0.77551    
930.0         0.000        0.84174E-03    0.76895    
930.0        0.5000E-01    0.79520E-03    0.75898    
930.0        0.1000        0.74928E-03    0.74542    
930.0        0.1500        0.70397E-03    0.72803    
930.0        0.2000        0.65929E-03    0.70653    
930.0        0.2500        0.61523E-03    0.68060    
930.0        0.3000        0.57178E-03    0.64983    
930.0        0.3500        0.52895E-03    0.61370    
930.0        0.4000        0.48675E-03    0.57162    
930.0        0.4500        0.44516E-03    0.52283    
930.0        0.5000        0.40419E-03    0.46636    
930.0        0.5500        0.36384E-03    0.40101    
930.0        0.6000        0.32411E-03    0.32518    
930.0        0.6500        0.28499E-03    0.23673    
930.0        0.7000        0.24650E-03    0.13275    
930.0        0.7500        0.20863E-03    0.90726E-02
930.0        0.8000        0.17137E-03   -0.14039    
930.0        0.8500        0.13473E-03   -0.32474    
930.0        0.9000        0.98716E-04   -0.55644    
930.0        0.9500        0.63318E-04   -0.83330    
930.0         1.000        0.28539E-04    -0.0000    
940.0        -1.000        0.18129E-02     0.0000    
940.0       -0.9500        0.17576E-02    0.25360    
940.0       -0.9000        0.17029E-02    0.35555    
940.0       -0.8500        0.16486E-02    0.43153    
940.0       -0.8000        0.15949E-02    0.49359    
940.0       -0.7500        0.15417E-02    0.54640    
940.0       -0.7000        0.14890E-02    0.59236    
940.0       -0.6500        0.14369E-02    0.63288    
940.0       -0.6000        0.13852E-02    0.66886    
940.0       -0.5500        0.13341E-02    0.70094    
940.0       -0.5000        0.12835E-02    0.72955    
940.0       -0.4500        0.12333E-02    0.75500    
940.0       -0.4000        0.11838E-02    0.77753    
940.0       -0.3500        0.11347E-02    0.79730    
940.0       -0.3000        0.10861E-02    0.81444    
940.0       -0.2500        0.10381E-02    0.82903    
940.0       -0.2000        0.99053E-03    0.84112    
940.0       -0.1500        0.94351E-03    0.85072    
940.0       -0.1000        0.89701E-03    0.85785    
940.0       -0.5000E-01    0.85102E-03    0.86247    
940.0         0.000        0.80555E-03    0.86453    
940.0        0.5000E-01    0.76060E-03    0.86396    
940.0        0.1000        0.71615E-03    0.86066    
940.0        0.1500        0.67223E-03    0.85450    
940.0        0.2000        0.62882E-03    0.84532    
940.0        0.2500        0.58592E-03    0.83293    
940.0        0.3000        0.54354E-03    0.81708    
940.0        0.3500        0.50167E-03    0.79747    
940.0        0.4000        0.46032E-03    0.77372    
940.0        0.4500        0.41949E-03    0.74537    
940.0        0.5000        0.37917E-03    0.71182    
940.0        0.5500        0.33936E-03    0.67228    
940.0        0.6000        0.30007E-03    0.62571    
940.0        0.6500        0.26129E-03    0.57067    
940.0        0.7000        0.22303E-03    0.50508    
940.0        0.7500        0.18529E-03    0.42574    
940.0        0.8000        0.14806E-03    0.32738    
940.0        0.8500        0.11134E-03    0.20017    
940.0        0.9000        0.75145E-04    0.22227E-01
940.0        0.9500        0.39461E-04   -0.27415    
940.0         1.000        0.42914E-05    -0.0000    
950.0        -1.000        0.17409E-02     0.0000    
950.0       -0.9500        0.16896E-02    0.26016    
950.0       -0.9000        0.16387E-02    0.36530    
950.0       -0.8500        0.15882E-02    0.44408    
950.0       -0.8000        0.15381E-02    0.50884    
950.0       -0.7500        0.14885E-02    0.56435    
950.0       -0.7000        0.14393E-02    0.61306    
950.0       -0.6500        0.13905E-02    0.65644    
950.0       -0.6000        0.13422E-02    0.69541    
950.0       -0.5500        0.12943E-02    0.73063    
950.0       -0.5000        0.12468E-02    0.76256    
950.0       -0.4500        0.11998E-02    0.79155    
950.0       -0.4000        0.11531E-02    0.81784    
950.0       -0.3500        0.11070E-02    0.84163    
950.0       -0.3000        0.10612E-02    0.86308    
950.0       -0.2500        0.10159E-02    0.88229    
950.0       -0.2000        0.97100E-03    0.89935    
950.0       -0.1500        0.92654E-03    0.91431    
950.0       -0.1000        0.88251E-03    0.92722    
950.0       -0.5000E-01    0.83892E-03    0.93811    
950.0         0.000        0.79575E-03    0.94697    
950.0        0.5000E-01    0.75302E-03    0.95379    
950.0        0.1000        0.71072E-03    0.95855    
950.0        0.1500        0.66884E-03    0.96122    
950.0        0.2000        0.62740E-03    0.96172    
950.0        0.2500        0.58639E-03    0.96000    
950.0        0.3000        0.54582E-03    0.95596    
950.0        0.3500        0.50567E-03    0.94948    
950.0        0.4000        0.46595E-03    0.94043    
950.0        0.4500        0.42667E-03    0.92864    
950.0        0.5000        0.38781E-03    0.91390    
950.0        0.5500        0.34939E-03    0.89595    
950.0        0.6000        0.31140E-03    0.87449    
950.0        0.6500        0.27384E-03    0.84908    
950.0        0.7000        0.23671E-03    0.81921    
950.0        0.7500        0.20001E-03    0.78410    
950.0        0.8000        0.16374E-03    0.74265    
950.0        0.8500        0.12791E-03    0.69291    
950.0        0.9000        0.92503E-04    0.63056    
950.0        0.9500        0.57529E-04    0.53944    
950.0         1.000        0.22986E-04     0.0000    
960.0        -1.000        0.16836E-02     0.0000    
960.0       -0.9500        0.16374E-02    0.26617    
960.0       -0.9000        0.15917E-02    0.37382    
960.0       -0.8500        0.15462E-02    0.45456    
960.0       -0.8000        0.15012E-02    0.52098    
960.0       -0.7500        0.14565E-02    0.57797    
960.0       -0.7000        0.14121E-02    0.62805    
960.0       -0.6500        0.13682E-02    0.67270    
960.0       -0.6000        0.13246E-02    0.71289    
960.0       -0.5500        0.12813E-02    0.74928    
960.0       -0.5000        0.12384E-02    0.78235    
960.0       -0.4500        0.11959E-02    0.81243    
960.0       -0.4000        0.11538E-02    0.83981    
960.0       -0.3500        0.11120E-02    0.86468    
960.0       -0.3000        0.10706E-02    0.88719    
960.0       -0.2500        0.10295E-02    0.90746    
960.0       -0.2000        0.98879E-03    0.92558    
960.0       -0.1500        0.94846E-03    0.94161    
960.0       -0.1000        0.90849E-03    0.95560    
960.0       -0.5000E-01    0.86888E-03    0.96755    
960.0         0.000        0.82964E-03    0.97748    
960.0        0.5000E-01    0.79076E-03    0.98538    
960.0        0.1000        0.75224E-03    0.99122    
960.0        0.1500        0.71409E-03    0.99495    
960.0        0.2000        0.67630E-03    0.99650    
960.0        0.2500        0.63887E-03    0.99579    
960.0        0.3000        0.60181E-03    0.99270    
960.0        0.3500        0.56511E-03    0.98710    
960.0        0.4000        0.52878E-03    0.97878    
960.0        0.4500        0.49281E-03    0.96753    
960.0        0.5000        0.45720E-03    0.95304    
960.0        0.5500        0.42196E-03    0.93492    
960.0        0.6000        0.38708E-03    0.91264    
960.0        0.6500        0.35256E-03    0.88546    
960.0        0.7000        0.31841E-03    0.85231    
960.0        0.7500        0.28462E-03    0.81159    
960.0        0.8000        0.25119E-03    0.76065    
960.0        0.8500        0.21813E-03    0.69471    
960.0        0.9000        0.18543E-03    0.60385    
960.0        0.9500        0.15310E-03    0.46114    
960.0         1.000        0.12113E-03     0.0000    
970.0        -1.000        0.16340E-02     0.0000    
970.0       -0.9500        0.15963E-02    0.26752    
970.0       -0.9000        0.15589E-02    0.37471    
970.0       -0.8500        0.15219E-02    0.45436    
970.0       -0.8000        0.14851E-02    0.51921    
970.0       -0.7500        0.14487E-02    0.57421    
970.0       -0.7000        0.14126E-02    0.62192    
970.0       -0.6500        0.13767E-02    0.66383    
970.0       -0.6000        0.13412E-02    0.70093    
970.0       -0.5500        0.13060E-02    0.73388    
970.0       -0.5000        0.12712E-02    0.76314    
970.0       -0.4500        0.12366E-02    0.78908    
970.0       -0.4000        0.12023E-02    0.81196    
970.0       -0.3500        0.11684E-02    0.83195    
970.0       -0.3000        0.11347E-02    0.84922    
970.0       -0.2500        0.11014E-02    0.86387    
970.0       -0.2000        0.10683E-02    0.87598    
970.0       -0.1500        0.10356E-02    0.88560    
970.0       -0.1000        0.10032E-02    0.89276    
970.0       -0.5000E-01    0.97112E-03    0.89747    
970.0         0.000        0.93934E-03    0.89973    
970.0        0.5000E-01    0.90786E-03    0.89951    
970.0        0.1000        0.87670E-03    0.89676    
970.0        0.1500        0.84584E-03    0.89145    
970.0        0.2000        0.81529E-03    0.88348    
970.0        0.2500        0.78506E-03    0.87278    
970.0        0.3000        0.75513E-03    0.85922    
970.0        0.3500        0.72552E-03    0.84267    
970.0        0.4000        0.69621E-03    0.82297    
970.0        0.4500        0.66721E-03    0.79993    
970.0        0.5000        0.63853E-03    0.77329    
970.0        0.5500        0.61015E-03    0.74277    
970.0        0.6000        0.58209E-03    0.70801    
970.0        0.6500        0.55433E-03    0.66853    
970.0        0.7000        0.52689E-03    0.62370    
970.0        0.7500        0.49975E-03    0.57264    
970.0        0.8000        0.47293E-03    0.51402    
970.0        0.8500        0.44641E-03    0.44565    
970.0        0.9000        0.42021E-03    0.36323    
970.0        0.9500        0.39431E-03    0.25551    
970.0         1.000        0.36873E-03     0.0000    
980.0        -1.000        0.15819E-02     0.0000    
980.0       -0.9500        0.15591E-02    0.25392    
980.0       -0.9000        0.15366E-02    0.35268    
980.0       -0.8500        0.15144E-02    0.42393    
980.0       -0.8000        0.14925E-02    0.48009    
980.0       -0.7500        0.14708E-02    0.52601    
980.0       -0.7000        0.14494E-02    0.56422    
980.0       -0.6500        0.14282E-02    0.59622    
980.0       -0.6000        0.14074E-02    0.62301    
980.0       -0.5500        0.13867E-02    0.64527    
980.0       -0.5000        0.13664E-02    0.66352    
980.0       -0.4500        0.13463E-02    0.67812    
980.0       -0.4000        0.13265E-02    0.68939    
980.0       -0.3500        0.13070E-02    0.69755    
980.0       -0.3000        0.12877E-02    0.70279    
980.0       -0.2500        0.12687E-02    0.70528    
980.0       -0.2000        0.12500E-02    0.70514    
980.0       -0.1500        0.12315E-02    0.70250    
980.0       -0.1000        0.12133E-02    0.69745    
980.0       -0.5000E-01    0.11954E-02    0.69007    
980.0         0.000        0.11777E-02    0.68045    
980.0        0.5000E-01    0.11603E-02    0.66866    
980.0        0.1000        0.11432E-02    0.65475    
980.0        0.1500        0.11263E-02    0.63879    
980.0        0.2000        0.11097E-02    0.62084    
980.0        0.2500        0.10934E-02    0.60094    
980.0        0.3000        0.10774E-02    0.57914    
980.0        0.3500        0.10616E-02    0.55550    
980.0        0.4000        0.10460E-02    0.53005    
980.0        0.4500        0.10308E-02    0.50284    
980.0        0.5000        0.10158E-02    0.47390    
980.0        0.5500        0.10011E-02    0.44325    
980.0        0.6000        0.98664E-03    0.41090    
980.0        0.6500        0.97246E-03    0.37683    
980.0        0.7000        0.95854E-03    0.34097    
980.0        0.7500        0.94490E-03    0.30318    
980.0        0.8000        0.93152E-03    0.26315    
980.0        0.8500        0.91841E-03    0.22026    
980.0        0.9000        0.90557E-03    0.17302    
980.0        0.9500        0.89299E-03    0.11710    
980.0         1.000        0.88069E-03     0.0000    
990.0        -1.000        0.15248E-02     0.0000    
990.0       -0.9500        0.15265E-02    0.20545    
990.0       -0.9000        0.15286E-02    0.28017    
990.0       -0.8500        0.15308E-02    0.33056    
990.0       -0.8000        0.15333E-02    0.36732    
990.0       -0.7500        0.15360E-02    0.39479    
990.0       -0.7000        0.15389E-02    0.41526    
990.0       -0.6500        0.15421E-02    0.43018    
990.0       -0.6000        0.15455E-02    0.44052    
990.0       -0.5500        0.15492E-02    0.44699    
990.0       -0.5000        0.15531E-02    0.45013    
990.0       -0.4500        0.15572E-02    0.45038    
990.0       -0.4000        0.15615E-02    0.44807    
990.0       -0.3500        0.15661E-02    0.44352    
990.0       -0.3000        0.15710E-02    0.43697    
990.0       -0.2500        0.15760E-02    0.42864    
990.0       -0.2000        0.15813E-02    0.41872    
990.0       -0.1500        0.15869E-02    0.40740    
990.0       -0.1000        0.15926E-02    0.39483    
990.0       -0.5000E-01    0.15986E-02    0.38115    
990.0         0.000        0.16049E-02    0.36649    
990.0        0.5000E-01    0.16113E-02    0.35098    
990.0        0.1000        0.16180E-02    0.33474    
990.0        0.1500        0.16250E-02    0.31787    
990.0        0.2000        0.16322E-02    0.30048    
990.0        0.2500        0.16396E-02    0.28265    
990.0        0.3000        0.16472E-02    0.26450    
990.0        0.3500        0.16551E-02    0.24610    
990.0        0.4000        0.16632E-02    0.22753    
990.0        0.4500        0.16716E-02    0.20889    
990.0        0.5000        0.16802E-02    0.19025    
990.0        0.5500        0.16890E-02    0.17168    
990.0        0.6000        0.16980E-02    0.15325    
990.0        0.6500        0.17073E-02    0.13503    
990.0        0.7000        0.17169E-02    0.11708    
990.0        0.7500        0.17266E-02    0.99434E-01
990.0        0.8000        0.17366E-02    0.82110E-01
990.0        0.8500        0.17469E-02    0.65062E-01
990.0        0.9000        0.17573E-02    0.48081E-01
990.0        0.9500        0.17680E-02    0.30366E-01
990.0         1.000        0.17790E-02     0.0000    
1000.        -1.000        0.14991E-02     0.0000    
1000.       -0.9500        0.15334E-02    0.10349    
1000.       -0.9000        0.15679E-02    0.13585    
1000.       -0.8500        0.16027E-02    0.15420    
1000.       -0.8000        0.16376E-02    0.16472    
1000.       -0.7500        0.16728E-02    0.17005    
1000.       -0.7000        0.17081E-02    0.17163    
1000.       -0.6500        0.17437E-02    0.17039    
1000.       -0.6000        0.17795E-02    0.16698    
1000.       -0.5500        0.18155E-02    0.16188    
1000.       -0.5000        0.18517E-02    0.15544    
1000.       -0.4500        0.18881E-02    0.14795    
1000.       -0.4000        0.19247E-02    0.13965    
1000.       -0.3500        0.19616E-02    0.13072    
1000.       -0.3000        0.19986E-02    0.12133    
1000.       -0.2500        0.20359E-02    0.11160    
1000.       -0.2000        0.20733E-02    0.10166    
1000.       -0.1500        0.21110E-02    0.91601E-01
1000.       -0.1000        0.21489E-02    0.81513E-01
1000.       -0.5000E-01    0.21870E-02    0.71473E-01
1000.         0.000        0.22253E-02    0.61551E-01
1000.        0.5000E-01    0.22638E-02    0.51808E-01
1000.        0.1000        0.23025E-02    0.42302E-01
1000.        0.1500        0.23415E-02    0.33085E-01
1000.        0.2000        0.23806E-02    0.24207E-01
1000.        0.2500        0.24200E-02    0.15716E-01
1000.        0.3000        0.24595E-02    0.76565E-02
1000.        0.3500        0.24993E-02    0.75853E-04
1000.        0.4000        0.25393E-02   -0.69790E-02
1000.        0.4500        0.25795E-02   -0.13458E-01
1000.        0.5000        0.26199E-02   -0.19309E-01
1000.        0.5500        0.26605E-02   -0.24470E-01
1000.        0.6000        0.27013E-02   -0.28871E-01
1000.        0.6500        0.27423E-02   -0.32429E-01
1000.        0.7000        0.27836E-02   -0.35036E-01
1000.        0.7500        0.28250E-02   -0.36549E-01
1000.        0.8000        0.28667E-02   -0.36762E-01
1000.        0.8500        0.29085E-02   -0.35350E-01
1000.        0.9000        0.29506E-02   -0.31720E-01
1000.        0.9500        0.29929E-02   -0.24440E-01
1000.         1.000        0.30354E-02     0.0000    
